S_pombe_protein	Arabidopsis_protein	E-value
SPAC977.16c	AT1G48430.1 	2.99601e-86
SPAC977.17	AT3G06100.1 	1.97597e-14
SPAC11D3.05	AT5G65687.1 	9.92564e-06
SPAC11D3.15	AT5G37830.1 	0.0
SPAC5H10.03	AT1G58280.3 	1.15435e-15
SPAC5H10.04	AT1G76690.1 	3.80477e-66
SPAC5H10.08c	AT5G48840.1 	5.49331e-60
SPAC5H10.09c	AT2G46110.1 	2.57685e-57
SPAC5H10.11	AT4G37690.1 	1.63608e-10
SPAC5H10.12c	AT1G60450.1 	1.70975e-10
SPAC5H10.13c	AT4G37690.1 	1.68873e-12
SPAC13G6.01c	AT5G22750.1 	1.54936e-151
SPAC13G6.03	AT2G22530.1 	2.79762e-55
SPAC13G6.04	AT5G50810.1 	1.91375e-08
SPAC13G6.05c	AT3G05000.1 	4.41916e-30
SPAC13G6.06c	AT2G26080.1 	0.0
SPAC13G6.07c	AT5G10360.1 	1.58984e-80
SPAC13G6.09	AT4G02220.1 	1.33351e-12
SPAC13G6.11c	AT5G27450.3 	1.29531e-21
SPAC13G6.14	AT1G73540.1 	1.95419e-16
SPAC24B11.05	AT3G62040.1 	4.92497e-30
SPAC24B11.06c	AT3G45640.1 	9.11334e-119
SPAC24B11.08c	AT1G36050.2 	1.65978e-73
SPAC24B11.09	AT4G22310.1 	8.52046e-27
SPAC24B11.13	AT5G08280.1 	1.92754e-43
SPAC806.02c	AT2G26060.2 	2.29848e-61
SPAC806.06c	AT5G55810.1 	1.5563e-48
SPAC806.07	AT4G09320.1 	6.25057e-58
SPAC1639.01c	AT3G06460.1 	4.66828e-17
SPAC1F5.10	AT3G19760.1 	0.0
SPAC1F5.07c	AT5G14220.1 	3.06155e-19
SPAC1F5.03c	AT5G67290.1 	3.04038e-31
SPAC1F5.02	AT1G77510.1 	4.54517e-74
SPAC18B11.07c	AT1G14400.2 	3.39345e-71
SPAC18B11.06	AT1G07840.1 	3.27478e-09
SPAC18B11.05	AT1G11880.1 	4.51376e-17
SPAC18B11.02c	AT5G51140.1 	1.0562e-73
SPAC12G12.14c	AT5G13480.1 	1.70305e-114
SPAC12G12.13c	AT5G53770.1 	6.83102e-53
SPAC12G12.08	AT1G05190.1 	2.00664e-30
SPAC12G12.06c	AT5G22100.1 	2.14613e-72
SPAC12G12.05c	AT1G54140.1 	3.67094e-27
SPAC12G12.04	AT3G23990.1 	0.0
SPAC12G12.02	AT1G04230.1 	1.49951e-12
SPAC630.03	AT1G13180.1 	2.10565e-158
SPAC630.05	AT5G52580.1 	2.839e-71
SPAC630.08c	AT1G07420.1 	1.26075e-59
SPAC630.09c	AT1G80380.3 	2.15671e-52
SPAC630.11	AT1G32410.5 	1.08323e-15
SPAC630.12	AT1G53710.2 	1.36736e-41
SPAC1751.02c	AT5G47320.1 	2.80089e-11
SPAC1751.03	AT5G15610.2 	1.22345e-24
SPAC31A2.02	AT1G78190.1 	7.04611e-26
SPAC31A2.04c	AT4G14800.1 	9.76339e-52
SPAC31A2.05c	AT5G15540.2 	6.35483e-21
SPAC31A2.07c	AT1G77030.1 	1.33064e-148
SPAC31A2.13c	AT3G58170.1 	2.53242e-06
SPAC31A2.14	AT3G05090.2 	1.94032e-50
SPAC13C5.01c	AT3G22110.1 	1.42971e-102
SPAC13C5.04	AT2G23960.1 	4.33115e-22
SPAC13C5.05c	AT5G18070.1 	6.10178e-137
SPAC13C5.07	AT5G54260.1 	4.39109e-116
SPAC24H6.12c	AT5G19180.1 	3.07249e-103
SPAC24H6.04	AT4G29130.1 	1.02363e-81
SPAC24H6.03	AT1G69670.1 	4.69681e-150
SPAC24H6.02c	AT3G54826.1 	1.26144e-16
SPAC24H6.01c	AT1G57600.1 	1.11887e-87
SPAC227.01c	AT5G35730.1 	5.26357e-24
SPAC227.05	AT1G08780.1 	3.22384e-07
SPAC227.06	AT5G27490.1 	4.9271e-17
SPAC227.07c	AT1G17720.2 	3.86685e-162
SPAC227.08c	AT1G30460.2 	6.35335e-20
SPAC227.10	AT3G22480.1 	5.56571e-21
SPAC227.11c	AT5G35080.1 	1.67825e-14
SPAC227.12	AT2G41500.1 	9.23873e-98
SPAC227.13c	AT4G04080.1 	4.55247e-62
SPAC227.14	AT1G03030.1 	3.97901e-38
SPAC227.16c	AT3G55490.1 	1.64743e-13
SPAC227.17c	AT4G25315.2 	2.99223e-07
SPAC2F7.02c	AT5G11860.4 	4.90832e-43
SPAC2F7.05c	AT1G77840.1 	3.55038e-50
SPAC2F7.06c	AT1G10520.1 	5.67759e-25
SPAC2F7.09c	AT3G57180.1 	2.79632e-10
SPAC2F7.10	AT2G14255.1 	8.27378e-46
SPAC2F7.13c	AT3G04600.3 	1.02545e-155
SPAC2F7.14c	AT1G03360.1 	5.37569e-62
SPAC2F7.16c	AT3G05630.1 	8.8444e-66
SPAC2F7.17	AT2G47020.1 	2.74512e-61
SPAC13A11.02c	AT1G11680.1 	6.05147e-82
SPAC13A11.03	AT4G29170.1 	5.9096e-33
SPAC13A11.04c	AT5G10790.1 	3.11495e-63
SPAC13A11.05	AT2G24200.2 	8.13714e-54
SPAC3H8.07c	AT5G49510.2 	1.38032e-32
SPAC3H8.10	AT2G21540.3 	2.03931e-67
SPAC1F3.01	AT5G35910.1 	2.21523e-70
SPAC1F3.04c	AT5G10070.1 	4.59546e-49
SPAC1F3.05	AT1G76970.1 	3.0398e-14
SPAC1F3.09	AT5G56900.2 	1.40261e-43
SPAC1F3.10c	AT5G51540.1 	1.35763e-85
SPAC1D4.03c	AT2G28390.1 	1.1281e-31
SPAC1D4.05c	AT5G35730.1 	3.26896e-21
SPAC1D4.04	AT5G20890.1 	0.0
SPAC1D4.08	AT1G68000.1 	4.69035e-39
SPAC1D4.09c	AT5G58020.1 	5.47689e-17
SPAC1D4.10	AT3G16260.1 	7.57576e-61
SPAC1D4.11c	AT3G53570.3 	4.13166e-110
SPAC1D4.12	AT1G03190.2 	0.0
SPAC1D4.13	AT4G29810.1 	3.07745e-68
SPAC1D4.14	AT1G24706.2 	3.50123e-115
SPAC22F3.09c	AT2G28840.1 	3.40943e-06
SPAC22F3.08c	AT3G09720.1 	1.74903e-118
SPAC22F3.06c	AT5G26860.1 	0.0
SPAC22F3.05c	AT2G18390.1 	1.51775e-54
SPAC1296.02	AT1G80230.1 	3.64942e-08
SPAC1296.05c	AT2G26430.1 	4.58239e-26
SPAC1296.06	AT3G02280.1 	2.05982e-109
SPAPJ696.02	AT3G43230.1 	1.39533e-46
SPAC22G7.01c	AT3G05350.1 	0.0
SPAC22G7.05	AT3G24080.2 	7.99883e-06
SPAC22G7.07c	AT1G19340.1 	2.98701e-26
SPAC22G7.10	AT5G58040.1 	5.07471e-12
SPAC4G8.02c	AT5G50460.1 	3.20672e-17
SPAC4G8.04	AT3G07890.2 	4.28334e-42
SPAC4G8.05	AT5G58140.1 	6.64755e-100
SPAC4G8.06c	AT4G04670.1 	6.63029e-26
SPAC4G8.07c	AT3G21300.1 	4.64875e-16
SPAC4G8.09	AT4G04350.1 	0.0
SPAC16C9.03	AT2G03820.1 	5.3422e-138
SPAC16C9.04c	AT5G60170.2 	3.72413e-51
SPAC16C9.06c	AT5G47010.1 	0.0
SPAC2G11.03c	AT1G77140.1 	3.48842e-118
SPAC2G11.06	AT2G27600.1 	2.74423e-142
SPAC2G11.09	AT4G02900.1 	6.88141e-42
SPAC2G11.10c	AT5G55130.1 	1.55205e-94
SPAC2G11.11c	AT1G26370.1 	0.0
SPAC2G11.12	AT1G10930.1 	2.31227e-144
SPAC2G11.14	AT1G32750.1 	1.87649e-33
SPAC2G11.15c	AT1G30550.2 	1.80096e-50
SPAC521.05	AT5G59240.1 	3.62653e-77
SPAC23G3.01	AT4G21710.1 	0.0
SPAC23G3.03	AT4G32540.1 	6.95377e-10
SPAC23G3.06	AT3G05060.1 	1.37613e-155
SPAC23G3.08c	AT1G04860.1 	2.22466e-18
SPAC23G3.10c	AT5G14170.1 	9.90338e-62
SPAC23G3.11	AT1G29150.1 	4.07818e-135
SPAC22H12.03	AT4G10030.1 	1.29386e-09
SPAC22H12.04c	AT4G34670.1 	7.89926e-104
SPAC1687.01	AT2G29540.2 	5.28336e-12
SPAC1687.02	AT2G36305.1 	6.15789e-25
SPAC1687.03c	AT1G63160.1 	5.17395e-147
SPAC1687.04	AT2G40550.1 	1.73865e-23
SPAC1687.05	AT5G41580.1 	3.27906e-21
SPAC1687.06c	AT2G19730.3 	5.04033e-16
SPAC1687.11	AT4G25730.1 	1.21843e-100
SPAC1687.12c	AT2G03690.1 	5.40717e-45
SPAC1687.13c	AT1G71230.1 	6.95435e-81
SPAC1687.15	AT1G09840.6 	3.85812e-148
SPAC1687.16c	AT3G02590.1 	2.37017e-19
SPAC1687.17c	AT4G04860.1 	2.44507e-22
SPAC1687.21	AT3G50520.1 	4.89704e-12
SPAC1687.22c	AT2G29140.1 	4.59382e-108
SPAC222.03c	AT2G29530.2 	1.44548e-16
SPAC222.04c	AT4G38495.1 	4.08603e-15
SPAC222.05c	AT1G78010.1 	2.89291e-41
SPAC222.06	AT1G23280.1 	1.17821e-75
SPAC222.08c	AT5G60540.1 	4.59928e-41
SPAC222.11	AT1G03475.1 	3.73684e-109
SPAC222.12c	AT5G08690.1 	0.0
SPAC222.14c	AT5G45160.1 	6.34519e-79
SPAC222.15	AT1G13330.1 	9.54972e-21
SPAC821.05	AT1G10840.1 	1.43567e-32
SPAC821.08c	AT4G33260.1 	7.17936e-110
SPAC821.09	AT5G15870.1 	4.94887e-33
SPAC821.10c	AT2G28190.1 	9.96128e-47
SPAC821.11	AT2G39800.2 	1.06145e-102
SPAC821.12	AT1G30640.1 	5.3775e-142
SPAC139.02c	AT2G22500.1 	1.35113e-36
SPAC139.06	AT5G56740.1 	1.44522e-22
SPAC23C4.03	AT1G09450.1 	1.72593e-38
SPAC23C4.06c	AT1G73320.1 	1.51129e-12
SPAC23C4.09c	AT1G29850.1 	6.3495e-16
SPAC23C4.13	AT3G58170.1 	1.26459e-07
SPAC23C4.14	AT1G16570.1 	7.90512e-89
SPAC23C4.15	AT3G22320.1 	3.81391e-58
SPAC23C4.17	AT2G22400.1 	4.99427e-116
SPAC23C4.18c	AT1G77320.1 	1.01672e-14
SPAC23C4.19	AT2G34210.1 	9.86678e-65
SPAC1A6.01c	AT3G47610.1 	5.87645e-10
SPAC1A6.02	AT2G34260.1 	6.61758e-27
SPAC1A6.05c	AT3G57140.2 	8.66572e-63
SPAC1A6.09c	AT1G13580.1 	3.14954e-15
SPAC1A6.10	AT5G37530.1 	1.63429e-72
SPAC30D11.14c	AT3G29390.1 	4.40653e-13
SPAC30D11.13	AT3G57870.1 	3.82112e-60
SPAC30D11.09	AT1G56290.1 	1.03335e-36
SPAC30D11.07	AT2G31450.1 	3.07649e-70
SPAC30D11.06c	AT5G26740.3 	1.56077e-37
SPAC30D11.05	AT3G50860.1 	2.69677e-46
SPAC30D11.03	AT4G16630.1 	1.29731e-134
SPAC56F8.03	AT1G76810.1 	0.0
SPAC56F8.04c	AT4G23660.2 	3.29537e-62
SPAC56F8.06c	AT5G02410.1 	1.64284e-24
SPAC56F8.08	AT3G13235.3 	1.69706e-63
SPAC56F8.09	AT5G40530.1 	9.04426e-63
SPAC56F8.10	AT3G59970.3 	4.31885e-169
SPAC56F8.11	AT3G05230.1 	6.97177e-16
SPAC22A12.01c	AT3G26680.3 	5.57612e-74
SPAC22A12.03c	AT5G42970.1 	4.33973e-09
SPAC22A12.05	AT4G07950.1 	2.76424e-21
SPAC22A12.06c	AT4G24380.2 	1.55797e-09
SPAC22A12.08c	AT3G45740.1 	3.86586e-49
SPAC22A12.10	AT1G13560.1 	2.9714e-55
SPAC22A12.09c	AT1G14650.2 	2.64073e-40
SPAC22A12.12c	AT4G32175.1 	5.0682e-41
SPAC22A12.13	AT2G39445.1 	3.59622e-11
SPAC22A12.14c	AT1G03350.1 	1.12077e-08
SPAC22A12.17c	AT2G29370.1 	3.0785e-26
SPAC22A12.16	AT1G60810.1 	4.28429e-104
SPAC4C5.02c	AT2G44610.1 	1.66713e-104
SPAC4C5.04	AT5G50580.2 	1.34088e-28
SPAC10F6.01c	AT5G04590.1 	4.72632e-113
SPAC10F6.02c	AT3G26560.1 	0.0
SPAC10F6.03c	AT1G30820.1 	0.0
SPAC10F6.05c	AT1G17280.2 	1.05141e-54
SPAC10F6.06	AT1G14340.1 	5.01234e-09
SPAC10F6.09c	AT2G27170.2 	0.0
SPAC10F6.10	AT2G24990.1 	3.04041e-100
SPAC10F6.12c	AT5G08335.1 	1.10921e-40
SPAC10F6.17c	AT4G38520.2 	1.2619e-17
SPAC56E4.02c	AT4G16710.2 	1.13212e-26
SPAC56E4.04c	AT1G36160.2 	0.0
SPAC56E4.05	AT4G30500.1 	2.43645e-07
SPAC1420.02c	AT1G24510.1 	0.0
SPAPB17E12.04c	AT2G26990.1 	3.97594e-132
SPAPB17E12.05	AT3G16080.1 	3.68926e-29
SPAPB17E12.07c	AT3G45590.2 	7.88335e-14
SPAPB17E12.12c	AT4G01100.1 	2.33832e-46
SPAPB17E12.13	AT3G05590.1 	2.20084e-73
SPAC1565.06c	AT5G54840.1 	2.18891e-59
SPAC1565.07c	AT2G02560.2 	1.28883e-12
SPAC1565.08	AT5G03340.1 	0.0
SPAC6F12.05c	AT5G19460.1 	2.85919e-33
SPAC6F12.06	AT3G07880.1 	7.63339e-31
SPAC6F12.09	AT1G14790.1 	2.23976e-101
SPAC6F12.10c	AT1G74260.1 	0.0
SPAC6F12.11c	AT5G24450.1 	4.2456e-15
SPAC6F12.13c	AT4G17190.1 	8.46872e-101
SPAC6F12.14	AT3G48150.1 	2.86745e-116
SPAC6F12.15c	AT1G78770.1 	2.70373e-92
SPAC6F12.16c	AT1G59760.1 	0.0
SPAC6F12.17	AT1G17760.1 	8.11999e-87
SPAC57A10.03	AT2G36130.1 	1.04238e-64
SPAC57A10.07	AT1G21370.2 	1.82613e-57
SPAC57A10.09c	AT3G28730.1 	3.64375e-12
SPAC57A10.10c	AT4G32720.2 	5.61811e-14
SPAC57A10.11c	AT5G23395.1 	1.21162e-12
SPAC57A10.12c	AT5G23300.1 	4.95941e-86
SPAC20G8.01	AT1G08130.1 	0.0
SPAC20G8.02	AT1G31480.1 	1.60221e-20
SPAC20G8.04c	AT2G43400.1 	0.0
SPAC20G8.06	AT1G02080.2 	6.97174e-70
SPAC20G8.09c	AT1G10490.1 	0.0
SPAC20G8.10c	AT3G61710.1 	3.26942e-33
SPAC3A12.03c	AT5G66160.1 	4.57103e-12
SPAC3A12.04c	AT5G59980.1 	6.91721e-28
SPAC3A12.05c	AT1G73960.1 	1.14953e-64
SPAC3A12.06c	AT1G54115.1 	7.60357e-25
SPAC3A12.07	AT3G52090.1 	4.86723e-26
SPAC3A12.09c	AT2G35035.1 	1.75362e-29
SPAC3A12.11c	AT2G29580.1 	2.61498e-12
SPAC3A12.12	AT2G34050.1 	8.90494e-11
SPAC3A12.14	AT5G21274.1 	9.59457e-77
SPAC3A12.15	AT1G50500.1 	3.08754e-63
SPAC3A12.16c	AT2G37410.2 	1.11317e-39
SPAC3A12.17c	AT1G55880.1 	3.2231e-111
SPAC3A12.18	AT5G35790.1 	4.51772e-144
SPAC9.03c	AT1G20960.2 	0.0
SPAC9.05	AT1G35530.2 	4.04713e-122
SPAC9.07c	AT4G39520.1 	6.6737e-161
SPAC9.08c	AT2G38050.1 	9.66595e-17
SPAC9.09	AT5G17920.2 	0.0
SPAC9.12c	AT5G40660.1 	2.67265e-15
SPAC9.13c	AT1G17130.1 	2.79586e-56
SPAC5D6.06c	AT4G18230.1 	3.24241e-35
SPAC5D6.04	AT1G71090.1 	1.30161e-10
SPAC5D6.01	AT2G39590.1 	1.09267e-68
SPAC57A7.13	AT3G54230.1 	7.38848e-16
SPAC57A7.11	AT5G01770.1 	0.0
SPAC57A7.10c	AT4G34450.1 	0.0
SPAC57A7.09	AT1G35630.1 	5.72797e-16
SPAC57A7.07c	AT3G25900.1 	1.37473e-17
SPAC57A7.06	AT4G02400.1 	1.52293e-24
SPAC57A7.04c	AT1G49760.2 	1.43328e-137
SPAC167.07c	AT3G17205.2 	3.98101e-105
SPAC167.02	AT5G12210.1 	6.61204e-106
SPAC167.01	AT5G24360.1 	6.79725e-83
SPAC23H4.18c	AT5G20570.1 	2.83528e-56
SPAC23H4.17c	AT5G63610.1 	1.36554e-87
SPAC23H4.15	AT1G42440.1 	2.65946e-84
SPAC23H4.14	AT4G36630.1 	1.72768e-24
SPAC23H4.12	AT4G37280.1 	2.84625e-41
SPAC23H4.10c	AT1G22940.1 	1.46962e-37
SPAC23H4.09	AT3G51800.3 	3.9871e-73
SPAC23H4.07c	AT5G05670.1 	6.03501e-07
SPAC23H4.06	AT5G16570.1 	3.16103e-124
SPAC23H4.04	AT1G51310.1 	1.38984e-46
SPAC23H4.03c	AT1G09580.1 	3.21468e-19
SPAP27G11.03	AT4G05440.1 	1.0798e-38
SPAP27G11.04c	AT5G24670.1 	2.0199e-10
SPAP27G11.05c	AT1G08190.1 	8.20206e-119
SPAP27G11.06c	AT4G35410.2 	7.8299e-64
SPAP27G11.07c	AT5G26110.1 	9.58598e-53
SPAP27G11.09c	AT5G59750.1 	9.20562e-41
SPAP27G11.13c	AT2G20490.1 	1.30865e-21
SPAP27G11.15	AT2G30350.2 	1.55681e-22
SPAC343.01c	AT1G31910.1 	1.11539e-33
SPAC343.03	AT3G05870.2 	5.22504e-32
SPAC343.04c	AT5G08560.2 	1.67474e-91
SPAC343.05	AT1G78900.2 	0.0
SPAC343.06c	AT2G04940.1 	5.08085e-38
SPAC343.09	AT4G22150.1 	6.31201e-27
SPAC343.13	AT1G48520.1 	1.23934e-70
SPAC343.14c	AT3G07300.2 	1.38879e-61
SPAC343.17c	AT2G20330.1 	4.15315e-64
SPAC343.15	AT2G27760.1 	8.15676e-45
SPAC343.19	AT1G26270.1 	5.73548e-11
SPAC824.02	AT3G27325.1 	1.47267e-37
SPAC824.04	AT5G14530.1 	1.99215e-43
SPAC824.05	AT2G38020.1 	2.41323e-106
SPAC824.06	AT5G03030.1 	6.48674e-19
SPAC824.08	AT3G04080.1 	4.7592e-49
SPAC824.09c	AT5G54310.1 	2.37923e-34
SPAC664.02c	AT5G43500.1 	4.14126e-40
SPAC664.05	AT3G49010.3 	1.24976e-51
SPAC664.07c	AT3G05480.1 	4.15448e-13
SPAC664.08c	AT5G61330.1 	9.03431e-19
SPAC664.09	AT4G29210.1 	1.20657e-111
SPAC664.10	AT4G27180.1 	1.3169e-119
SPAC664.11	AT5G09590.1 	0.0
SPAC664.12c	AT2G39725.2 	2.29847e-11
SPACUNK12.02c	AT2G41860.1 	5.0189e-64
SPAC105.01c	AT4G23700.1 	8.45956e-91
SPAC17A5.01	AT1G03000.1 	2.26957e-100
SPAC17A5.02c	AT4G31770.1 	2.9638e-83
SPAC17A5.06	AT5G41360.1 	0.0
SPAC17A5.07c	AT4G33620.1 	4.03455e-29
SPAC17A5.11	AT5G02820.1 	1.25532e-33
SPAC17A5.12	AT1G21660.1 	4.15878e-23
SPAC17A5.13	AT3G07270.2 	1.23414e-30
SPAC17A5.15c	AT5G26710.1 	0.0
SPAC1610.02c	AT2G42710.1 	1.2026e-17
SPAC1002.03c	AT5G63840.1 	0.0
SPAC1002.04c	AT1G20000.1 	5.77586e-19
SPAC1002.05c	AT4G20400.2 	1.45601e-72
SPAC1002.07c	AT2G39020.1 	3.11915e-27
SPAC1002.09c	AT1G48030.2 	0.0
SPAC1002.10c	AT5G65490.1 	7.73819e-30
SPAC1002.11	AT5G19130.2 	2.07688e-25
SPAC1002.12c	AT1G79440.1 	8.08309e-144
SPAC1002.15c	AT3G21350.1 	5.11563e-21
SPAC1002.14	AT1G32340.1 	1.36068e-31
SPAC1002.17c	AT3G53900.1 	6.43905e-34
SPAC1399.01c	AT1G49960.1 	1.79898e-08
SPAP11E10.01	AT5G52810.1 	2.89749e-43
SPAPB1A10.04c	AT3G59380.1 	1.45178e-46
SPAPB1A10.07c	AT3G06170.1 	1.80723e-33
SPAPB1A10.11c	AT5G64050.1 	1.04863e-77
SPAPB1A10.12c	AT3G47930.2 	6.44998e-25
SPAPB1A10.15	AT1G01020.2 	2.59409e-17
SPAC140.01	AT3G27380.2 	1.33943e-118
SPAC110.02	AT5G47690.3 	9.81387e-33
SPAC110.03	AT4G35020.3 	6.1742e-73
SPAC110.04c	AT1G11660.1 	3.97057e-151
SPAP14E8.03	AT5G50440.1 	1.94518e-09
SPAP14E8.04	AT5G51740.1 	9.87354e-27
SPAP14E8.05c	AT2G26240.1 	3.48884e-06
SPAC3H1.05	AT4G01320.1 	1.58524e-91
SPAC3H1.09c	AT3G11900.1 	1.48146e-26
SPAC3H1.10	AT1G03980.1 	1.16702e-70
SPAC3H1.13	AT5G08160.1 	7.50119e-39
SPAC9G1.03c	AT1G77940.1 	4.87062e-50
SPAC9G1.05	AT3G18060.1 	8.21247e-96
SPAC9G1.15c	AT4G09550.1 	1.17691e-10
SPAC9G1.09	AT1G53165.2 	1.00214e-83
SPAC9G1.12	AT5G14600.1 	1.39122e-53
SPAC9G1.13c	AT2G47210.1 	2.24792e-39
SPAC17H9.04c	AT5G25490.1 	5.33734e-11
SPAC17H9.05	AT3G22660.1 	3.18753e-25
SPAC17H9.08	AT4G26180.1 	4.96067e-53
SPAC17H9.10c	AT4G21100.1 	1.26188e-129
SPAC17H9.13c	AT3G55610.2 	1.22708e-20
SPAC17H9.14c	AT2G47470.1 	7.1446e-69
SPAC17H9.19c	AT3G27640.1 	1.10724e-33
SPAC17H9.20	AT2G47980.1 	1.72576e-33
SPAC607.03c	AT5G20160.1 	3.89592e-58
SPAC607.04	AT5G07370.4 	2.50254e-16
SPAC607.05	AT4G19006.1 	1.08374e-49
SPAC732.02c	AT1G07110.1 	1.56319e-80
SPAC3C7.06c	AT4G19110.2 	8.23202e-71
SPAC3C7.07c	AT5G05700.1 	1.26164e-31
SPAC3C7.09	AT1G14030.1 	3.33049e-10
SPAC3C7.11c	AT5G07340.1 	6.44157e-101
SPAC3C7.14c	AT4G27270.1 	1.10917e-44
SPAC25A8.03c	AT1G04900.1 	1.38736e-11
SPAC631.01c	AT1G71790.1 	7.09245e-65
SPAC20H4.03c	AT2G38560.1 	1.96702e-34
SPAC20H4.05c	AT5G53850.1 	1.15733e-37
SPAC20H4.06c	AT5G23080.2 	3.27816e-26
SPAC20H4.07	AT5G57450.2 	1.15189e-29
SPAC20H4.10	AT5G15400.1 	2.58824e-93
SPAC23C11.03	AT5G66540.1 	3.78366e-35
SPAC23C11.04c	AT3G14890.2 	3.70132e-26
SPAC23C11.05	AT5G09650.1 	6.03631e-69
SPAC23C11.08	AT4G14540.1 	6.46362e-42
SPAC23C11.09	AT1G50200.1 	0.0
SPAC23C11.11	AT3G50000.1 	1.00186e-159
SPAC23C11.14	AT2G04620.1 	1.7323e-18
SPAC23C11.17	AT1G65540.1 	1.03301e-49
SPAC13F5.02c	AT1G55300.1 	1.41435e-12
SPAC13F5.04c	AT4G26750.1 	1.01156e-10
SPAC13F5.05	AT1G04980.1 	1.16327e-20
SPAC13F5.06c	AT5G12370.3 	1.18008e-14
SPAC1783.05	AT2G13370.1 	0.0
SPAC1783.06c	AT1G54210.1 	1.73252e-20
SPAC1783.08c	AT4G16720.1 	1.36994e-72
SPAC18G6.03	AT1G09630.1 	9.35488e-103
SPAC18G6.04c	AT4G37930.1 	0.0
SPAC18G6.05c	AT1G64790.1 	0.0
SPAC18G6.06	AT3G60360.1 	1.03954e-18
SPAC18G6.07c	AT3G57000.1 	1.41558e-60
SPAC18G6.11c	AT2G34750.1 	1.53432e-30
SPAC18G6.14c	AT5G16130.1 	3.23399e-63
SPAC18G6.15	AT5G62500.1 	1.47209e-31
SPAC13D6.02c	AT4G36020.1 	2.07631e-25
SPAC13D6.03c	AT1G36310.2 	1.5445e-41
SPAC13D6.04c	AT2G04740.1 	7.26297e-16
SPAC13D6.05	AT3G10220.1 	8.79256e-22
SPAC4G9.02	AT2G25100.1 	4.20719e-62
SPAC4G9.04c	AT4G04885.1 	4.00417e-18
SPAC4G9.03	AT5G63400.1 	1.20916e-72
SPAC4G9.08c	AT5G45140.1 	0.0
SPAC4G9.09c	AT2G19940.2 	3.57473e-32
SPAC4G9.10	AT1G75330.1 	6.57333e-66
SPAC4G9.12	AT2G16790.1 	4.96846e-21
SPAC4G9.13c	AT4G27690.1 	2.07964e-101
SPAC4G9.14	AT5G43140.1 	1.78946e-14
SPAC4G9.15	AT1G67730.1 	4.77031e-45
SPAC4G9.17c	AT1G64880.1 	8.87265e-19
SPAC4G9.20c	AT5G46800.1 	1.85715e-48
SPAC13G7.01c	AT2G07050.1 	0.0
SPAC13G7.03	AT1G33980.2 	3.79569e-18
SPAC13G7.06	AT1G62180.2 	4.20527e-14
SPAC13G7.08c	AT3G49180.1 	1.12548e-24
SPAC13G7.12c	AT4G09760.1 	2.81761e-36
SPAC6C3.02c	AT5G09570.1 	1.45319e-06
SPAC6C3.04	AT2G44350.1 	0.0
SPAC6C3.08	AT2G03430.1 	6.79862e-29
SPAC17G8.03c	AT3G12480.1 	5.45647e-25
SPAC17G8.04c	AT5G65274.1 	2.24499e-07
SPAC17G8.06c	AT3G23940.1 	0.0
SPAC17G8.07	AT5G45600.1 	1.21556e-34
SPAC17G8.08c	AT5G36290.2 	2.00691e-44
SPAC22H10.03c	AT1G26170.1 	1.72344e-46
SPAC22H10.05c	AT3G04680.2 	3.33429e-65
SPAC22H10.10	AT1G71440.1 	6.96567e-11
SPAC22H10.12c	AT2G44100.1 	1.48368e-178
SPAC15F9.03c	AT1G27310.1 	1.85631e-37
SPAC1B9.03c	AT5G61770.1 	4.12965e-61
SPAC6B12.04c	AT1G77670.1 	2.61743e-64
SPAC6B12.09	AT5G47680.1 	7.20562e-48
SPAC6B12.10c	AT5G41880.1 	1.87796e-98
SPAC6B12.13	AT2G31305.1 	5.37436e-08
SPAC6B12.15	AT3G18130.1 	1.28294e-136
SPAC32A11.04c	AT5G20920.2 	2.19487e-70
SPAC32A11.03c	AT5G53980.1 	2.79523e-08
SPAC19A8.15	AT4G27070.1 	1.24983e-151
SPAC19A8.14	AT4G32900.2 	1.20921e-19
SPAC19A8.13	AT3G50670.1 	1.39218e-41
SPAC19A8.12	AT5G13570.1 	4.24913e-65
SPAC19A8.08	AT2G39260.1 	7.9544e-80
SPAC19A8.07c	AT1G63780.1 	2.49352e-90
SPAC19A8.05c	AT1G61690.1 	1.36697e-14
SPAC19A8.04	AT2G28860.1 	4.67182e-70
SPAC19A8.03	AT5G04540.1 	4.84499e-82
SPAC23H3.02c	AT2G30000.1 	2.34996e-55
SPAC23H3.05c	AT3G21060.1 	5.8747e-48
SPAC23H3.07c	AT2G34520.1 	4.69597e-11
SPAC23H3.09c	AT1G08630.4 	5.01873e-61
SPAC23H3.10	AT1G21700.1 	1.22418e-48
SPAC23H3.13c	AT2G26300.1 	1.4962e-65
SPAC25H1.02	AT5G63080.1 	2.52278e-24
SPAC25H1.03	AT5G66930.2 	2.56496e-15
SPAC25H1.04	AT5G24680.1 	1.76722e-12
SPAC25H1.07	AT5G11560.1 	4.35491e-40
SPAC25H1.08c	AT1G71840.1 	2.91184e-57
SPAC4A8.02c	AT1G21065.1 	1.02522e-43
SPAC4A8.07c	AT4G21540.1 	3.99323e-45
SPAC4A8.09c	AT3G49601.1 	2.04402e-06
SPAC4A8.10	AT1G10040.2 	2.65709e-13
SPAC4A8.12c	AT5G19680.1 	2.22026e-38
SPAC4A8.13c	AT3G26340.1 	7.54138e-83
SPAC4A8.15c	AT2G19760.1 	1.50845e-19
SPAC4A8.16c	AT3G56150.2 	2.073e-144
SPAC823.03	AT5G35980.2 	9.30775e-146
SPAC823.05c	AT3G05710.1 	8.76113e-28
SPAC823.07	AT1G16560.3 	5.78514e-45
SPAC823.08c	AT5G60990.1 	3.63108e-156
SPAC823.09c	AT4G00590.1 	2.60126e-30
SPAC823.11	AT3G58490.1 	1.55086e-21
SPAC823.12	AT2G05170.1 	4.9164e-51
SPAC7D4.10	AT3G42050.1 	6.20199e-35
SPAC7D4.07c	AT5G39950.1 	4.13445e-25
SPAC7D4.06c	AT2G47760.2 	2.90488e-59
SPAC7D4.05	AT5G44730.1 	7.1058e-15
SPAC4F8.15	AT2G43330.1 	3.54209e-65
SPAC4F8.14c	AT4G11820.2 	8.86475e-128
SPAC4F8.12c	AT1G80070.1 	0.0
SPAC4F8.06	ATMG00980.1 	3.02052e-40
SPAC4F8.04	AT4G01560.1 	6.42219e-69
SPAC4F8.03	AT1G43860.1 	9.91938e-53
SPAC4F8.01	AT2G06530.1 	1.67933e-42
SPAC644.05c	AT3G46940.1 	3.76932e-64
SPAC644.07	AT3G50940.1 	1.22612e-36
SPAC644.08	AT5G53850.2 	1.18976e-41
SPAC644.09	AT1G11930.2 	1.20801e-55
SPAC644.11c	AT3G06483.1 	4.30134e-77
SPAC644.12	AT1G09770.1 	1.69779e-121
SPAC644.13c	AT4G30260.1 	3.97696e-21
SPAC644.14c	AT5G20850.1 	8.60337e-169
SPAC644.15	AT5G24510.1 	8.86292e-17
SPAC644.17c	AT3G17465.1 	9.32318e-57
SPAC644.16	AT1G71800.1 	1.09307e-23
SPAC644.18c	AT5G54750.1 	1.4375e-61
SPAPB2B4.01c	AT3G58130.2 	4.19479e-46
SPAPB2B4.02	AT3G15660.2 	3.47497e-31
SPAPB2B4.04c	AT3G57330.1 	1.01438e-170
SPAPB2B4.05	AT1G12840.1 	1.5477e-52
SPAPB2B4.07	AT1G16960.1 	2.74263e-09
SPAC6F6.03c	AT1G52980.1 	3.55991e-157
SPAC6F6.05	AT1G32210.1 	2.14824e-13
SPAC6F6.07c	AT4G00100.1 	3.23659e-84
SPAC6F6.09	AT4G14385.3 	5.44333e-06
SPAC6F6.10c	AT1G30825.1 	7.99659e-34
SPAC6F6.11c	AT5G37850.2 	3.05096e-62
SPAC6F6.12	AT5G06140.1 	5.94298e-17
SPAC6F6.13c	AT2G18100.1 	4.14954e-47
SPAC6F6.19	AT3G57910.1 	2.81654e-09
SPAC6F6.15	AT5G45130.1 	4.28909e-64
SPAC1805.02c	AT5G43430.1 	2.37897e-72
SPAC1805.03c	AT4G01880.1 	3.57411e-35
SPAC1805.06c	AT1G69740.2 	2.29128e-59
SPAC1805.09c	AT1G66520.1 	2.63986e-11
SPAC1805.11c	AT3G56340.1 	5.60035e-30
SPAC1805.13	AT4G27090.1 	5.49184e-30
SPAC1805.17	AT3G03110.1 	0.0
SPAC1B2.03c	AT3G06470.1 	6.27313e-13
SPAC1B2.05	AT2G07690.1 	0.0
SPAC3F10.02c	AT4G10310.1 	3.0099e-19
SPAC3F10.03	AT1G29880.1 	0.0
SPAC3F10.04	AT5G27380.1 	2.14934e-78
SPAC3F10.06c	AT2G40570.2 	1.82183e-51
SPAC3F10.09	AT2G36230.1 	7.19098e-84
SPAC3F10.11c	AT2G34660.2 	0.0
SPAC3F10.16c	AT2G27200.1 	5.82487e-107
SPAC8F11.02c	AT2G15910.2 	1.80637e-21
SPAC8F11.03	AT4G25540.1 	7.36299e-160
SPAC8F11.04	AT3G58660.1 	4.49015e-26
SPAC8F11.09c	AT5G01470.3 	2.34939e-08
SPACUNK4.12c	AT2G41790.1 	0.0
SPACUNK4.08	AT5G24260.1 	7.14172e-37
SPACUNK4.07c	AT5G23630.1 	0.0
SPAPYUK71.03c	AT2G20990.1 	7.37808e-30
SPACUNK4.06c	AT5G59180.1 	5.757e-56
SPAC513.05	AT5G14950.1 	4.68426e-09
SPAC513.06c	AT1G34200.1 	1.97197e-11
SPAC513.07	AT5G19440.1 	8.95861e-35
SPAC2E1P3.04	AT2G42490.1 	1.11216e-108
SPAPB24D3.03	AT4G08900.1 	3.80503e-22
SPAPB24D3.04c	AT3G50880.1 	1.97506e-35
SPAPB24D3.06c	AT5G19050.1 	1.53864e-20
SPAPB24D3.08c	AT5G16990.1 	3.89856e-89
SPAPB24D3.10c	AT1G68560.1 	4.01442e-160
SPAPB1A11.02	AT5G23530.1 	9.93658e-17
SPAPB1A11.03	AT3G14150.2 	2.78221e-62
SPAC31G5.01	AT2G18510.1 	4.05651e-75
SPAC31G5.05c	AT3G01850.2 	2.40932e-73
SPAC31G5.09c	AT4G11330.1 	1.16342e-115
SPAC31G5.12c	AT5G13240.1 	3.38992e-24
SPAC31G5.21	AT1G16810.2 	1.0777e-08
SPAC31G5.13	AT5G23540.1 	7.6829e-148
SPAC31G5.14	AT1G11860.3 	5.73867e-118
SPAC31G5.15	AT4G25970.1 	5.78689e-75
SPAC31G5.16c	AT1G20575.1 	2.65239e-108
SPAC31G5.17c	AT4G25740.2 	3.60177e-34
SPAC31G5.19	AT1G05910.1 	7.77938e-128
SPAC24C9.03	AT3G54250.1 	9.215e-98
SPAC24C9.05c	AT3G52950.2 	5.52462e-41
SPAC24C9.06c	AT4G26970.1 	4.48029e-50
SPAC24C9.08	AT1G44180.1 	3.34286e-13
SPAC24C9.10c	ATCG00160.1 	5.62455e-25
SPAC24C9.11	AT5G17930.1 	3.73608e-47
SPAC24C9.12c	AT5G26780.1 	0.0
SPAC24C9.14	AT1G50670.1 	8.75395e-46
SPAC16A10.02	AT5G09250.1 	1.12726e-10
SPAC16A10.06c	AT3G15150.1 	1.4897e-09
SPAC589.07c	AT3G56440.1 	2.31788e-44
SPAC589.11	AT1G62850.3 	1.54523e-12
SPAC688.03c	AT2G38710.2 	1.10789e-34
SPAC688.10	AT1G67500.1 	1.10651e-174
SPAC3G9.16c	AT1G51160.2 	1.41268e-21
SPAC3G9.15c	AT5G30495.1 	1.87306e-27
SPAC3G9.13c	AT2G25840.1 	5.2197e-62
SPAC3G9.10c	AT3G61620.2 	2.95862e-51
SPAC3G9.09c	AT2G40290.1 	1.4463e-91
SPAC3G9.06	AT4G39280.1 	7.01267e-153
SPAC3G9.04	AT1G73820.1 	2.4979e-60
SPAC3G9.02	AT2G29360.1 	1.91677e-22
SPAC1486.01	AT3G10920.1 	4.73218e-70
SPAC1486.02c	AT3G56740.1 	1.69527e-08
SPAC1486.03c	AT2G42330.2 	5.88349e-47
SPAC1486.05	AT1G80680.1 	8.84082e-20
SPAC1486.07c	AT4G35490.1 	2.70448e-45
SPAC1486.09	AT5G41190.1 	2.03043e-24
SPAC6G10.03c	AT4G24160.1 	2.31467e-44
SPAC6G10.04c	AT1G47250.1 	1.42264e-83
SPAC6G10.07	AT2G13540.1 	2.24128e-33
SPAC6G10.08	AT5G14590.1 	0.0
SPAC6G10.09	AT1G67490.1 	1.66935e-108
SPAC6G10.10c	AT3G52220.1 	4.10114e-12
SPAC6G10.11c	AT2G47110.2 	1.13988e-62
SPAC6G9.01c	AT5G11760.1 	3.42762e-06
SPAC6G9.02c	AT1G72320.3 	7.16503e-14
SPAC6G9.05	AT1G28960.2 	3.57054e-09
SPAC6G9.07c	AT4G14147.1 	3.31955e-69
SPAC6G9.08	AT3G21280.1 	1.68457e-94
SPAC6G9.11	AT2G33120.2 	1.59468e-14
SPAC6G9.14	AT5G56510.1 	6.01429e-74
SPAPB1E7.02c	AT3G42660.1 	1.42506e-52
SPAPB1E7.04c	AT5G24090.1 	2.68642e-29
SPAPB1E7.05	AT5G41080.2 	1.18134e-33
SPAPB1E7.07	AT5G53460.3 	0.0
SPAPB1E7.08c	AT3G13050.1 	3.08784e-21
SPAPB1E7.09	AT2G25110.1 	1.60631e-07
SPAPB1E7.12	AT5G10360.1 	7.85203e-77
SPAC2E1P5.01c	AT1G30000.1 	3.40081e-113
SPAC2E1P5.04c	AT2G39550.1 	2.84661e-36
SPAC2E1P5.05	AT4G21130.1 	2.30325e-60
SPAC26A3.02	AT4G12740.1 	4.76427e-55
SPAC26A3.03c	AT5G63540.1 	6.84092e-09
SPAC26A3.04	AT1G29965.1 	4.49392e-54
SPAC26A3.05	AT3G08530.1 	0.0
SPAC26A3.06	AT5G57280.1 	7.39326e-82
SPAC26A3.08	AT5G44500.2 	8.17958e-36
SPAC26A3.09c	AT5G22400.1 	1.33298e-16
SPAC26A3.12c	AT1G54490.1 	9.8179e-116
SPAC26A3.11	AT5G12040.1 	4.16582e-105
SPAC26A3.15c	AT2G45000.1 	3.01151e-17
SPAC26A3.16	AT2G17190.1 	2.46776e-17
SPAC26A3.17c	AT5G65860.2 	6.86796e-54
SPAC8E11.10	AT2G29150.1 	9.19804e-29
SPAC8E11.07c	AT2G30410.2 	1.78375e-07
SPAC8E11.04c	AT4G22300.1 	2.19761e-30
SPAC8E11.03c	AT3G22880.1 	8.33174e-114
SPAC8E11.02c	AT1G26480.1 	1.90442e-131
SPAC8E11.01c	AT2G36190.1 	9.27201e-22
SPAC959.02	AT3G56190.1 	9.93928e-54
SPAC959.03c	AT3G10530.1 	1.5415e-108
SPAC959.08	AT1G09690.1 	3.86099e-49
SPAP32A8.03c	AT1G60360.1 	4.80152e-19
SPAC3H5.11	AT1G21640.1 	1.94551e-59
SPAC3H5.10	AT4G18100.1 	9.48882e-48
SPAC3H5.08c	AT5G54200.1 	3.32929e-56
SPAC3H5.06c	AT5G67100.1 	0.0
SPAC3A11.13	AT1G29990.1 	4.30814e-13
SPAC3A11.12c	AT3G05530.1 	0.0
SPAC3A11.08	AT5G46210.1 	2.88851e-118
SPAC3A11.07	AT2G29990.1 	4.86873e-79
SPAC3A11.03	AT1G63855.1 	1.38767e-12
SPAC3A11.02	AT3G08505.1 	9.19016e-07
SPAC328.02	AT1G05890.1 	4.11842e-76
SPAC328.03	AT1G78580.1 	3.49358e-146
SPAC328.04	AT2G45500.1 	4.05505e-82
SPAC328.05	AT5G50250.1 	1.26181e-25
SPAC328.08c	AT4G39920.1 	5.4871e-07
SPAC328.09	AT5G01340.1 	2.9441e-35
SPAC328.10c	AT2G37270.2 	1.69512e-102
SPAC16E8.02	AT1G18720.1 	5.99991e-27
SPAC16E8.03	AT5G15770.1 	2.59501e-21
SPAC16E8.04c	AT1G69370.1 	6.87867e-61
SPAC16E8.06c	AT5G46840.2 	7.68636e-23
SPAC16E8.07c	AT2G21410.1 	0.0
SPAC16E8.10c	ATCG00900.1 	1.47441e-17
SPAC16E8.11c	AT1G55750.1 	7.8252e-10
SPAC16E8.13	AT2G26000.2 	1.12102e-75
SPAC16E8.14c	AT5G44450.1 	2.02307e-55
SPAC16E8.15	AT5G35620.1 	1.65812e-34
SPAC16E8.16	AT3G10330.1 	5.49484e-62
SPAC16E8.17c	AT5G23250.1 	1.49988e-115
SPAC1B1.02c	AT1G21640.1 	1.42458e-60
SPAC1B1.03c	AT5G53480.1 	4.49913e-175
SPAC17A2.02c	AT4G10360.2 	6.61247e-11
SPAC17A2.03c	AT3G28715.1 	1.23787e-124
SPAC17A2.04c	AT1G04130.1 	4.89823e-23
SPAC17A2.12	AT1G11100.1 	3.29244e-99
SPAC17G6.04c	AT5G40280.1 	1.53585e-53
SPAC17G6.05c	AT1G15130.1 	1.13013e-19
SPAC17G6.14c	AT5G11170.1 	0.0
SPAC17G6.16c	AT1G61010.3 	0.0
SPAC1142.01	AT2G46900.1 	2.28874e-30
SPAC1142.02c	AT4G08320.1 	7.85272e-17
SPAC1142.04	AT2G18220.1 	6.30411e-56
SPAC1142.06	AT1G01910.4 	3.71547e-113
SPAC1142.07c	AT2G19830.1 	3.65589e-12
SPAC1142.08	AT3G07260.1 	2.23558e-17
SPAC8C9.03	AT2G20050.2 	5.49106e-12
SPAC8C9.05	AT4G18460.1 	1.16006e-34
SPAC8C9.08	AT3G11940.2 	5.00081e-101
SPAC8C9.11	AT5G09830.1 	1.27452e-23
SPAC8C9.12c	AT1G07030.1 	3.59723e-52
SPAC8C9.14	AT3G51910.1 	1.00469e-23
SPAC8C9.15c	AT2G34970.1 	1.08826e-128
SPAC8C9.16c	AT2G05590.2 	3.6007e-14
SPAC15A10.01	AT5G58270.1 	0.0
SPAC15A10.02	AT3G10070.1 	6.5294e-26
SPAC15A10.03c	AT3G19210.1 	1.56249e-164
SPAC15A10.04c	AT5G37340.3 	6.0021e-110
SPAC15A10.05c	AT5G49970.1 	1.92274e-65
SPAC15A10.06	AT1G79610.1 	4.82089e-50
SPAC15A10.11	AT5G02310.1 	1.39538e-15
SPAC15A10.12c	AT2G20930.1 	9.9275e-15
SPAC15A10.13	AT2G40730.1 	3.39338e-44
SPAC15E1.03	AT4G14320.1 	5.75123e-52
SPAC15E1.04	AT4G34570.1 	8.99888e-118
SPAC15E1.05c	AT2G38670.1 	4.60977e-49
SPAC15E1.06	AT3G47810.3 	4.24564e-59
SPAC15E1.08	AT5G13780.1 	4.49331e-64
SPAC15E1.09	AT5G63030.1 	2.64799e-20
SPAP7G5.02c	AT1G63660.1 	3.05295e-179
SPAP7G5.04c	AT5G35930.1 	7.04366e-31
SPAP7G5.05	AT1G66580.1 	9.13717e-101
SPAC1556.01c	AT2G31970.1 	2.05126e-69
SPAC1556.02c	AT5G66760.1 	0.0
SPAC1556.03	AT5G66720.2 	8.20379e-37
SPAC1556.04c	AT4G29610.1 	2.35307e-09
SPAC1556.07	AT2G45790.1 	1.17345e-112
SPAC1556.08c	AT1G09020.1 	7.37952e-26
SPAC1F12.02c	AT3G16640.1 	7.32669e-22
SPAC1F12.06c	AT4G31150.1 	2.43778e-34
SPAC1F12.07	AT4G35630.1 	3.54502e-92
SPAC1F12.08	AT2G18250.1 	3.15055e-25
SPAC1F12.09	AT3G07180.1 	8.99303e-16
SPAC1F12.10c	AT5G09680.2 	2.67166e-24
SPAC4H3.01	AT2G21510.1 	1.50028e-34
SPAC4H3.04c	AT2G25280.1 	3.8712e-71
SPAC4H3.05	AT4G25120.1 	1.66199e-20
SPAC4H3.07c	AT5G66170.3 	3.10782e-10
SPAC4H3.08	AT1G54870.1 	1.01904e-80
SPAC4H3.09	AT1G65290.1 	2.43224e-25
SPAC4H3.10c	AT4G26390.1 	1.51985e-129
SPAC1071.02	AT5G48120.1 	3.81967e-14
SPAC1071.05	AT4G14000.1 	1.20375e-19
SPAC1071.07c	AT5G09500.1 	7.84523e-65
SPAC1071.09c	AT3G12170.1 	1.82382e-22
SPAC1071.08	AT2G27710.4 	6.10132e-21
SPAC1071.12c	AT3G44620.1 	8.96083e-37
SPAC926.04c	AT5G52640.1 	0.0
SPAC926.06c	AT3G17920.2 	1.79186e-08
SPAC926.07c	AT4G15930.1 	9.47962e-39
SPAC926.08c	AT3G23620.1 	2.24588e-53
SPAC323.02c	AT1G53850.2 	6.40752e-120
SPAC323.05c	AT3G13440.1 	3.1948e-24
SPAC323.06c	AT2G32410.1 	3.58135e-93
SPAC323.07c	AT2G34360.1 	8.26998e-72
SPAC2F3.17c	AT2G43810.2 	6.28071e-32
SPAC2F3.06c	AT2G16950.2 	2.3291e-180
SPAC2F3.08	AT1G66570.2 	2.17583e-26
SPAC2F3.09	AT5G04620.2 	4.88848e-41
SPAC2F3.10	AT4G19490.2 	2.88795e-14
SPAC2F3.12c	AT5G66410.1 	1.17678e-33
SPAC2F3.16	AT3G18290.1 	7.99906e-66
SPAC11G7.03	AT4G35650.1 	5.78774e-115
SPAC11G7.04	AT3G52590.1 	3.41022e-83
SPAC11G7.05c	AT2G30200.1 	4.55069e-18
SPAPB18E9.01	AT4G27340.1 	4.38274e-76
SPAC27E2.03c	AT1G30580.1 	1.39788e-136
SPAC27E2.05	AT2G42120.2 	5.78255e-54
SPAC27E2.06c	AT3G55400.1 	2.70006e-89
SPAC27E2.09	AT1G27320.1 	1.55621e-53
SPAC27E2.10c	AT1G77470.1 	8.54427e-113
SPAPJ698.03c	AT3G55200.1 	0.0
SPAC19G12.01c	AT4G21530.1 	5.95924e-09
SPAC19G12.02c	AT4G02460.1 	8.00982e-83
SPAC19G12.06c	AT1G51060.1 	1.96189e-45
SPAC19G12.07c	AT2G16940.1 	3.48334e-58
SPAC19G12.08	AT4G20870.1 	8.18677e-43
SPAC19G12.10c	AT3G10410.1 	1.80755e-86
SPAC19G12.17	AT5G10810.1 	2.80044e-12
SPAC19G12.11	AT1G19140.1 	1.51337e-19
SPAC19G12.14	AT3G07960.1 	1.02453e-64
SPAC19G12.15c	AT1G60140.1 	5.43935e-115
SPAC23A1.03	AT4G22570.1 	1.41534e-48
SPAC23A1.04c	AT5G43710.1 	5.49982e-98
SPAC23A1.08c	AT1G69620.1 	6.93736e-30
SPAC23A1.09	AT1G51510.1 	1.01735e-30
SPAC23A1.11	AT3G24830.1 	3.40403e-60
SPAC23A1.12c	AT1G72550.1 	5.13828e-178
SPAC23A1.16c	AT5G26760.2 	1.00252e-06
SPAC23A1.19c	AT5G08110.1 	1.93004e-118
SPAC26H5.02c	AT1G24290.1 	5.4718e-116
SPAC26H5.03	AT5G64630.1 	1.47896e-67
SPAC26H5.04	AT1G51350.1 	4.04223e-19
SPAC26H5.05	AT4G35450.1 	1.93005e-07
SPAC26H5.07c	AT2G01070.1 	6.50299e-12
SPAC26H5.09c	AT3G20790.1 	8.8828e-09
SPAC26H5.10c	AT1G13950.1 	9.58534e-62
SPAC26H5.12	AT5G15700.1 	4.08036e-169
SPAC25B8.01	AT5G52240.1 	2.86806e-22
SPAC25B8.05	AT1G34150.1 	4.33423e-68
SPAC25B8.06c	AT1G11870.1 	3.0438e-88
SPAC25B8.07c	AT3G48030.1 	2.78476e-07
SPAC25B8.09	AT2G41380.1 	1.36427e-09
SPAC25B8.12c	AT2G25870.1 	2.1878e-10
SPAC25B8.13c	AT3G19010.1 	8.49314e-29
SPAC25B8.15c	AT4G04670.1 	1.6666e-34
SPAC25B8.17	AT2G03120.1 	1.09366e-42
SPAC25B8.19c	AT4G06634.2 	3.90266e-08
SPAC683.02c	AT5G52380.1 	2.24496e-24
SPAC694.04c	AT5G41970.1 	2.38323e-100
SPAC1F7.01c	AT1G63210.1 	4.07649e-98
SPAC1F7.02c	AT3G18600.1 	0.0
SPAC1F7.05	AT2G21790.1 	0.0
SPAC1F7.08	AT4G39830.1 	2.2388e-49
SPAC1F7.12	AT1G60680.1 	1.00173e-87
SPAC21E11.05c	AT5G67530.1 	3.79346e-66
SPAC21E11.06	AT2G44070.1 	2.70668e-87
SPAC21E11.07	AT4G12130.1 	6.67678e-26
SPAC21E11.08	AT5G23670.2 	4.66043e-154
SPAC2C4.03c	AT3G62840.1 	6.52617e-44
SPAC2C4.05	AT4G12090.1 	1.51981e-12
SPAC2C4.06c	AT5G26180.2 	6.31489e-59
SPAC2C4.07c	AT1G77680.1 	2.9514e-109
SPAC2C4.09	AT2G16460.1 	1.21286e-21
SPAC2C4.11c	AT3G13230.1 	2.99592e-69
SPAC2C4.12c	AT2G45330.1 	1.09446e-36
SPAC2C4.13	AT4G32530.1 	4.00373e-31
SPAC2C4.14c	AT1G53165.2 	5.81475e-85
SPAC2C4.15c	AT1G14570.1 	1.69632e-40
SPAC2C4.17c	AT5G12080.3 	1.26246e-16
SPAC25G10.01	AT4G35785.1 	9.03741e-21
SPAC25G10.05c	AT1G09795.1 	3.1399e-20
SPAC25G10.07c	AT2G28620.1 	5.67932e-115
SPAC25G10.08	AT5G25780.1 	3.71947e-134
SPAC27F1.03c	AT4G17510.1 	3.21693e-33
SPAC27F1.04c	AT1G61000.1 	2.6879e-08
SPAC27F1.07	AT1G76400.1 	6.76338e-35
SPAC27F1.08	AT1G15960.1 	1.52172e-50
SPAC27F1.09c	AT5G64270.1 	0.0
SPAC23D3.02	AT1G21690.1 	4.95484e-111
SPAC23D3.07	AT5G40580.2 	4.47049e-95
SPAC23D3.10c	AT1G18310.1 	4.3747e-33
SPAC23D3.11	AT5G10050.1 	1.50462e-35
SPAC23D3.13c	AT5G27970.1 	1.93148e-10
SPAC1527.02	AT4G26550.1 	4.20181e-11
SPAC1527.03	AT5G66100.1 	1.77873e-12
SPAC30.01c	AT3G60860.1 	0.0
SPAC30.02c	AT1G13870.1 	2.52416e-39
SPAC30.03c	AT2G37020.1 	5.35898e-22
SPAC29E6.02	AT1G28060.1 	6.55332e-44
SPAC29E6.03c	AT3G27530.1 	8.5173e-31
SPAC29E6.05c	AT5G61640.1 	4.88107e-48
SPAC29E6.06c	AT2G31170.1 	2.37293e-62
SPAC29E6.08	AT3G13445.1 	2.59568e-112
SPAC16.02c	AT1G02840.3 	1.93312e-17
SPAC16.03c	AT4G22930.1 	2.72482e-70
SPAC16.04	AT4G38890.1 	1.90566e-117
SPAC9E9.03	AT4G13430.1 	9.48254e-52
SPAC9E9.07c	AT5G59840.1 	9.93557e-95
SPAC9E9.09c	AT3G48000.1 	1.17869e-171
SPAC9E9.13	AT4G02450.2 	9.25981e-16
SPAC9E9.14	AT5G22950.1 	2.85097e-24
SPAC17C9.14	AT3G03490.1 	1.714e-07
SPAC17C9.12	AT1G08820.2 	6.0498e-18
SPAC17C9.10	AT4G20100.1 	3.75969e-18
SPAC17C9.09c	AT1G61570.1 	3.13065e-15
SPAC17C9.07	AT2G44660.1 	1.3784e-109
SPAC17C9.06	AT3G11070.1 	2.45271e-19
SPAC17C9.03	AT3G60240.2 	1.5542e-42
SPAC17C9.01c	AT2G20000.1 	2.77746e-82
SPAC1851.02	AT4G30580.1 	2.48408e-08
SPAC1851.03	AT2G44680.1 	1.28187e-70
SPAC1851.04c	AT3G61480.1 	5.35241e-09
SPAC27D7.03c	AT5G61960.2 	2.37996e-44
SPAC27D7.06	AT1G50940.1 	3.32166e-79
SPAC27D7.07c	AT4G02840.1 	1.4814e-44
SPAC27D7.08c	AT2G21070.2 	4.49437e-43
SPAC27D7.14c	AT2G06210.1 	2.72797e-42
SPAC637.05c	AT1G76030.1 	0.0
SPAC637.07	AT4G20980.4 	1.04864e-103
SPAC637.08	AT5G50960.1 	3.54079e-127
SPAC637.09	AT5G25800.1 	4.42576e-63
SPAC637.10c	AT4G38630.1 	3.47722e-60
SPAC637.11	AT5G39840.1 	2.14526e-105
SPAC637.12c	AT5G64610.1 	1.49568e-98
SPAC12B10.01c	AT4G38600.1 	9.52521e-89
SPAC12B10.03	AT3G53390.1 	1.92044e-48
SPAC12B10.05	AT1G09300.1 	3.68489e-92
SPAC12B10.07	AT3G05520.1 	3.80822e-20
SPAC12B10.08c	AT3G24560.2 	1.57046e-20
SPAC12B10.09	AT1G34065.1 	7.46885e-46
SPAC12B10.12c	AT5G16630.2 	3.35353e-27
SPAC12B10.13	AT1G61150.5 	6.40007e-27
SPAC12B10.15c	AT2G39440.1 	3.8637e-09
SPAC1093.01	AT3G16010.1 	9.36542e-22
SPAC1093.02	AT5G49970.1 	2.38654e-44
SPAC1093.03	AT1G17340.1 	6.0576e-91
SPAC1093.05	AT5G54910.1 	2.498e-172
SPAC30C2.02	AT3G58180.1 	1.92639e-72
SPAC30C2.04	AT4G13780.1 	2.23317e-41
SPAC30C2.05	AT3G12180.1 	3.67154e-13
SPAC30C2.06c	AT4G37190.1 	5.50517e-17
SPAC1635.01	AT5G15090.2 	1.83687e-14
SPAC144.03	AT3G57610.1 	5.51057e-153
SPAC144.04c	AT3G14390.1 	1.16182e-11
SPAC144.05	AT2G40770.1 	4.54631e-37
SPAC144.06	AT1G48760.3 	2.10216e-93
SPAC144.07c	AT5G22370.2 	1.06709e-82
SPAC144.08	AT5G06410.1 	7.93091e-18
SPAC144.09c	AT1G72050.2 	2.18094e-21
SPAC144.10c	AT4G17910.1 	4.63214e-55
SPAC144.11	AT4G30800.1 	5.68594e-62
SPAC144.12	AT2G01290.1 	2.10803e-35
SPAC144.13c	AT4G22910.1 	2.35129e-129
SPAC144.16	AT1G68310.2 	4.44913e-39
SPAC144.18	AT2G13650.3 	2.77532e-43
SPAC1834.01	AT1G12920.1 	0.0
SPAC1834.02	AT2G45300.1 	3.89276e-72
SPAC1834.05	AT1G16900.1 	1.08936e-82
SPAC1834.06c	AT5G47540.1 	4.34307e-71
SPAC1834.07	AT3G63480.2 	5.20257e-86
SPAC1834.11c	AT4G04910.1 	0.0
SPAC17D4.01	AT1G29260.1 	9.22717e-52
SPAC17D4.02	AT3G25100.1 	9.28961e-64
SPAC17D4.03c	AT2G04620.1 	2.27563e-30
SPAC458.05	AT1G60490.1 	9.72809e-163
SPAC458.06	AT3G56440.1 	2.50991e-46
SPAC458.07	AT1G03280.1 	2.20656e-12
SPAPYUG7.04c	AT3G16980.1 	5.65056e-31
SPAPYUG7.05	AT5G14800.1 	1.09517e-44
SPAPYUG7.06	AT1G80690.1 	4.14241e-34
SPAC1782.01	AT2G26780.1 	3.2824e-71
SPAC1782.03	AT4G08580.1 	9.48256e-22
SPAC1782.05	AT4G08960.1 	2.41898e-83
SPAC1782.06c	AT3G27280.1 	1.98148e-106
SPAC1782.10c	AT5G08180.2 	7.42168e-28
SPAC1782.12c	AT2G04900.1 	2.28969e-11
SPAC1782.11	AT4G39940.1 	4.5253e-68
SPAC11H11.03c	AT2G26280.1 	1.36343e-11
SPAC11H11.06	AT3G27000.1 	1.85542e-149
SPAC22F8.06	AT3G60820.3 	6.87056e-53
SPAC22F8.08	AT3G07100.1 	3.05336e-122
SPAC22F8.09	AT2G40430.2 	3.1436e-07
SPAC22F8.10c	AT4G21660.1 	1.97786e-105
SPAC22F8.11	AT5G58690.1 	7.25772e-43
SPAC20G4.01	AT5G02270.1 	1.26929e-38
SPAC20G4.02c	AT2G25050.1 	2.50576e-10
SPAC20G4.05c	AT5G13030.1 	8.10182e-96
SPAC20G4.06c	AT2G31200.1 	2.9733e-35
SPAC4F10.02	AT5G04710.1 	1.39944e-148
SPAC4F10.03c	AT5G01230.1 	1.59778e-116
SPAC4F10.05c	AT1G04640.2 	4.36259e-35
SPAC4F10.09c	AT1G72440.1 	1.7493e-67
SPAC4F10.14c	AT1G17880.1 	5.64284e-27
SPAC4F10.19c	AT5G63830.1 	4.1127e-08
SPAC4F10.20	AT1G77370.1 	3.44123e-18
SPAC19B12.01	AT5G17270.1 	3.2535e-52
SPAC19B12.03	AT3G07160.1 	1.84409e-96
SPAC19B12.05c	AT5G58003.1 	7.00303e-25
SPAC19B12.08	AT2G44140.2 	9.56152e-36
SPAC19B12.10	AT4G16144.1 	3.53421e-51
SPAC19B12.11c	AT2G36930.1 	7.04039e-11
SPAC19B12.13	AT1G02410.1 	1.57497e-58
SPAPB8E5.02c	AT5G09900.2 	4.04251e-92
SPAPB8E5.04c	AT3G44100.1 	9.86909e-10
SPAPB8E5.06c	AT1G43170.8 	1.1182e-172
SPAPB8E5.07c	AT2G34357.1 	1.61058e-54
SPAPB8E5.09	AT5G22330.1 	0.0
SPAC1B3.01c	AT5G40870.1 	4.03872e-73
SPAC1B3.02c	AT5G46030.1 	1.98998e-17
SPAC1B3.03c	AT2G15790.1 	2.41946e-61
SPAC1B3.04c	AT5G39900.1 	0.0
SPAC1B3.05	AT5G18230.1 	3.57045e-54
SPAC1B3.07c	AT4G05000.2 	8.61487e-27
SPAC1B3.08	AT2G19560.1 	3.27769e-31
SPAC1B3.10c	AT1G73570.1 	4.3173e-24
SPAC1B3.12c	AT1G61700.1 	2.12637e-34
SPAC1B3.13	AT2G18900.1 	6.26881e-15
SPAC1B3.14	AT4G34720.1 	2.18685e-37
SPAC1952.01	AT1G63110.1 	2.88858e-24
SPAC1952.03	AT3G62940.1 	5.43475e-22
SPAC1952.05	AT3G54610.1 	8.62606e-105
SPAC1952.06c	AT3G02710.1 	2.87589e-64
SPAC1952.11c	AT1G67550.1 	0.0
SPAC1952.13	AT3G09560.3 	5.04827e-63
SPAC1952.17c	AT1G04830.2 	4.46587e-40
SPAC890.04c	AT5G15550.1 	5.71285e-40
SPAC890.06	AT1G14850.1 	3.68205e-30
SPAC890.07c	AT4G29510.1 	2.23718e-129
SPAC890.08	AT4G26230.1 	1.88155e-24
SPAC22E12.01	AT1G06470.2 	3.0003e-46
SPAC22E12.02	AT3G04500.1 	1.1874e-33
SPAC22E12.03c	AT1G53280.1 	7.77456e-14
SPAC22E12.05c	AT4G39220.1 	1.25758e-56
SPAC22E12.07	AT3G63130.2 	5.31276e-13
SPAC22E12.10c	AT5G56090.1 	4.72911e-77
SPAC22E12.11c	AT1G66170.1 	1.3534e-06
SPAC22E12.13c	AT2G44860.2 	4.19894e-53
SPAC22E12.16c	AT5G64070.1 	2.82929e-73
SPAC22E12.17c	AT4G17890.2 	3.44528e-37
SPAC22E12.19	AT3G52250.1 	5.79259e-08
SPAC2E12.02	AT5G43840.1 	1.12234e-23
SPAC1006.01	AT5G19660.1 	2.77909e-13
SPAC1006.02	AT4G29860.1 	9.04479e-19
SPAC1006.07	AT1G72730.1 	0.0
SPAC1250.01	AT3G06010.1 	0.0
SPAC29A4.20	AT5G50320.1 	0.0
SPAC29A4.15	AT5G27470.1 	4.83133e-176
SPAC29A4.13	AT1G21840.1 	9.19498e-13
SPAC29A4.08c	AT2G33340.3 	6.22587e-42
SPAC29A4.04c	AT3G57150.1 	0.0
SPAC29A4.03c	AT3G49080.1 	6.88703e-29
SPAC29A4.02c	AT1G57720.2 	2.40801e-40
SPAC26F1.14c	AT5G03630.1 	6.59178e-32
SPAC26F1.13c	AT1G09620.1 	0.0
SPAC26F1.09	AT3G02460.1 	7.03783e-28
SPAC26F1.07	AT2G37790.1 	5.47655e-63
SPAC26F1.06	AT1G22170.1 	1.03555e-55
SPAC26F1.04c	AT3G45770.1 	5.94153e-68
SPAC26F1.03	AT1G59900.1 	5.54595e-132
SPAPJ691.02	AT3G11230.1 	3.70527e-22
SPAC19D5.04	AT1G70320.1 	4.8288e-140
SPAC19D5.05c	AT5G15750.1 	4.86162e-58
SPAC19D5.06c	AT4G17620.1 	9.93176e-14
SPAC14C4.02c	AT5G15920.1 	2.09874e-45
SPAC14C4.11	AT2G45130.1 	3.37322e-07
SPAC14C4.13	AT5G66130.1 	2.69489e-21
SPAC14C4.14	ATMG01190.1 	0.0
SPAC2H10.02c	AT5G57950.1 	1.64474e-21
SPAC11E3.01c	AT3G12810.1 	0.0
SPAC11E3.04c	AT1G78870.2 	7.25578e-73
SPAC11E3.06	AT1G47760.1 	3.4414e-09
SPAC11E3.07	AT4G11150.1 	5.34624e-26
SPAC11E3.09	AT1G71860.3 	1.29582e-32
SPAC11E3.12	AT4G02580.1 	1.19155e-13
SPAC11E3.15	AT3G05560.3 	1.90211e-22
SPAP8A3.02c	AT4G02485.1 	3.15744e-20
SPAP8A3.03	AT1G68100.1 	5.43151e-22
SPAP8A3.06	AT5G42820.1 	3.15726e-69
SPAP8A3.09c	AT3G25800.1 	0.0
SPAP8A3.11c	AT1G07615.1 	1.07434e-39
SPAP8A3.12c	AT4G20850.1 	0.0
SPAP8A3.13c	AT2G37680.1 	3.51214e-16
SPAC4D7.02c	AT1G71340.1 	2.30899e-11
SPAC4D7.04c	AT5G58782.1 	5.8977e-43
SPAC4D7.05	AT2G46290.1 	1.04981e-103
SPAC4D7.08c	AT2G16570.1 	5.55011e-71
SPAC4D7.09	AT5G19485.1 	4.56672e-37
SPAC4D7.12c	AT4G12790.5 	1.5674e-87
SPAC4D7.13	AT1G44910.1 	2.60501e-34
SPAC3G6.05	AT4G14305.1 	2.26692e-17
SPAC3G6.06c	AT5G26680.2 	1.35901e-134
SPAC3G6.08	AT1G49880.1 	7.72185e-21
SPAC3G6.11	AT1G79890.1 	1.0063e-121
SPAC29B12.01	AT3G57300.1 	1.70664e-165
SPAC29B12.02c	AT1G77300.1 	2.77952e-54
SPAC29B12.04	AT5G01410.1 	2.15868e-135
SPAC29B12.05c	AT5G64150.1 	7.91337e-13
SPAC29B12.06c	AT3G20800.1 	5.73174e-115
SPAC29B12.07	AT5G47490.1 	1.50539e-08
SPAC29B12.10c	AT4G10770.1 	1.23892e-154
SPAC29B12.14c	AT5G03555.1 	1.04543e-56
SPAC1039.03	AT3G05120.1 	1.18205e-18
SPAC1039.07c	AT3G08860.1 	1.43292e-53
SPAC1039.08	AT1G55920.1 	3.52352e-52
SPAC922.03	AT1G48420.1 	4.65204e-34
SPAC922.05c	AT1G18010.1 	6.87553e-95
SPAC922.06	AT1G24360.1 	2.89514e-29
SPAC869.08	AT5G50240.3 	6.21559e-64
SPAC869.07c	AT3G56310.1 	6.5556e-92
SPAC869.05c	AT5G13550.1 	4.76834e-63
SPAC869.04	AT4G37560.1 	6.10073e-147
SPAC869.01	AT4G34880.1 	1.08633e-69
SPAC186.08c	AT4G17260.1 	3.86887e-66
SPAC186.09	AT5G01330.1 	9.07766e-160
SPAC750.08c	AT5G25880.1 	7.76283e-31
SPBC1348.09	AT5G10050.1 	1.69193e-23
SPBC1348.14c	AT3G19940.1 	3.16448e-47
SPBPB21E7.07	AT4G02860.1 	3.43425e-17
SPBC1683.01	AT2G38940.1 	6.04844e-80
SPBC1683.04	AT3G62710.1 	5.55987e-27
SPBC1683.06c	AT2G36310.1 	5.86877e-67
SPBC1683.10c	AT3G43660.1 	2.73163e-18
SPBC1683.11c	AT3G21720.1 	1.1e-96
SPBC1198.05	AT2G41880.1 	7.18065e-53
SPBC1198.10c	AT4G17300.1 	6.37912e-106
SPBC1198.09	AT5G25760.2 	5.73593e-49
SPBC1198.11c	AT1G09540.1 	1.86747e-08
SPBC1198.13c	AT1G75510.1 	5.22514e-21
SPBC1198.12	AT4G22910.1 	6.27793e-130
SPBC1198.14c	AT1G43670.1 	1.43978e-101
SPBC660.07	AT4G24040.1 	2.12182e-25
SPBC660.12c	AT5G26600.1 	3.63328e-18
SPBC660.13c	AT4G19130.1 	1.58155e-100
SPBC660.15	AT5G55550.4 	2.69634e-52
SPBC660.16	AT5G41670.2 	3.56546e-151
SPBC31E1.01c	AT3G19190.1 	2.09888e-17
SPBC31E1.02c	AT1G07670.1 	3.90999e-124
SPBC31E1.03	AT5G42300.1 	6.53895e-35
SPBC31E1.04	AT5G46860.1 	9.33457e-17
SPBC31E1.06	AT1G06720.1 	1.52734e-112
SPBC800.03	AT3G18520.1 	6.08116e-82
SPBC800.05c	AT1G50010.1 	0.0
SPBC800.06	AT3G15460.1 	1.428e-69
SPBC800.07c	AT4G11120.1 	9.21426e-16
SPBC800.08	AT2G45730.1 	1.35662e-22
SPBC800.09	AT1G26110.1 	2.56969e-25
SPBC800.10c	AT1G21630.1 	6.72608e-17
SPBC1773.02c	AT3G26060.1 	7.64106e-21
SPBC1773.03c	AT3G22200.2 	1.02009e-75
SPBC1773.05c	AT5G51970.2 	6.58443e-73
SPBC1773.06c	AT4G21580.1 	1.29389e-23
SPBC1773.07c	AT5G58590.1 	9.7446e-36
SPBC1773.11c	AT1G54320.1 	6.90614e-53
SPBC1773.17c	AT1G17745.1 	1.50542e-41
SPBC1271.15c	AT4G11160.1 	1.01563e-113
SPBC1271.14	AT2G37500.2 	2.41697e-79
SPBC1271.13	AT5G09770.1 	1.10478e-24
SPBC1271.04c	AT5G05920.1 	3.83534e-145
SPBC1271.03c	AT4G26190.1 	1.07789e-07
SPBC1271.02	AT1G34130.1 	0.0
SPBC106.01	AT1G77720.1 	1.22165e-77
SPBC106.02c	AT1G31170.2 	5.42341e-08
SPBC106.04	AT2G38280.2 	0.0
SPBC106.06	AT3G18190.1 	0.0
SPBC106.09	AT5G05560.1 	8.66232e-68
SPBC106.13	AT3G55070.1 	7.63918e-40
SPBC106.14c	AT1G13160.1 	2.4845e-49
SPBC106.15	AT5G16440.1 	1.0171e-69
SPBC106.16	AT3G51260.1 	4.31867e-93
SPBC582.03	AT1G20610.1 	6.44527e-54
SPBC582.05c	AT3G21480.1 	9.49374e-11
SPBC582.07c	AT4G24820.2 	2.40681e-108
SPBC582.08	AT1G72330.1 	4.55064e-145
SPBC428.01c	AT3G14120.3 	1.49163e-11
SPBC428.02c	AT5G65780.1 	9.14083e-62
SPBC428.03c	AT1G09870.1 	4.46757e-24
SPBC428.05c	AT4G24830.1 	1.97043e-104
SPBC428.08c	AT2G23740.1 	1.06719e-38
SPBC428.12c	AT1G13690.1 	5.454e-14
SPBC428.14	AT3G18850.5 	3.61453e-39
SPBC428.13c	AT5G45550.1 	2.6988e-89
SPBC428.19c	AT2G47990.1 	1.06997e-68
SPBC428.20c	AT5G06680.1 	1.25983e-89
SPBC902.02c	AT1G04730.1 	2.23579e-46
SPBC902.05c	AT5G03290.1 	5.61307e-136
SPBC1685.03	AT3G15710.1 	4.01569e-42
SPBC1685.05	AT3G03380.1 	5.22078e-111
SPBC1685.06	AT2G45620.1 	6.7386e-60
SPBC1685.07c	AT5G38820.1 	5.82745e-19
SPBC1685.08	AT5G22260.1 	4.10584e-06
SPBC1685.09	AT4G33865.1 	4.31481e-21
SPBC1685.10	AT3G61110.1 	4.06483e-43
SPBC1685.14c	AT4G33400.1 	5.05255e-29
SPBC1685.15c	AT3G49650.1 	9.79346e-84
SPBC649.02	AT3G02080.1 	9.70855e-51
SPBC354.01	AT1G72660.3 	3.56283e-157
SPBC354.02c	AT2G34250.2 	2.40244e-161
SPBC354.03	AT3G49660.1 	4.22915e-62
SPBC354.06	AT4G34620.1 	5.20099e-23
SPBC354.09c	AT5G19740.1 	1.7653e-61
SPBC354.14c	AT3G46510.1 	1.8514e-13
SPBC839.03c	AT3G12760.1 	2.40755e-25
SPBC839.05c	AT3G10610.1 	7.99267e-54
SPBC839.19	AT5G63440.2 	6.00409e-07
SPBC839.07	AT5G03455.1 	1.5529e-09
SPBC839.08c	AT3G01380.1 	2.94221e-176
SPBC839.10	AT1G60200.1 	2.21811e-10
SPBC839.11c	AT1G14360.1 	1.21606e-37
SPBC839.14c	AT1G66680.1 	8.90242e-23
SPBC839.16	AT1G50480.1 	0.0
SPBC839.17c	AT5G48570.1 	2.02823e-31
SPBC115.02c	AT4G28070.2 	6.60776e-65
SPBC115.01c	AT3G46210.6 	1.11211e-16
SPBC947.10	AT4G28370.1 	1.34466e-29
SPBC947.05c	AT5G49740.1 	4.85123e-14
SPBC947.02	AT4G23460.1 	0.0
SPBC947.01	AT3G27120.1 	7.77273e-94
SPBPJ4664.01	AT2G34630.2 	3.11314e-63
SPBPJ4664.04	AT1G62020.1 	0.0
SPBPJ4664.06	AT1G71220.1 	1.55539e-175
SPBC119.01	AT1G75990.1 	6.81436e-106
SPBC119.02	AT3G08690.2 	1.49176e-91
SPBC119.06	AT3G08950.1 	9.06764e-53
SPBC119.07	AT4G29380.1 	2.71795e-121
SPBC119.09c	AT5G42000.1 	3.45995e-33
SPBC119.10	AT5G10240.1 	0.0
SPBC119.11c	AT3G20420.1 	8.64313e-09
SPBC119.13c	AT1G60170.1 	5.49966e-78
SPBC119.18	AT4G33100.1 	4.36002e-07
SPBC119.15	AT4G21800.2 	3.49523e-110
SPBC119.17	AT3G19170.1 	6.54589e-121
SPBC577.03c	AT2G04845.1 	6.60209e-38
SPBC577.02	AT3G59540.1 	2.48626e-23
SPBC577.04	AT1G45233.2 	2.36406e-09
SPBC577.06c	AT1G49340.1 	3.746e-101
SPBC577.07	AT4G22350.1 	1.03189e-114
SPBC577.08c	AT3G04780.1 	2.3463e-27
SPBC577.09	AT1G27840.1 	1.67346e-37
SPBC577.10	AT1G56450.1 	9.2948e-61
SPBC577.12	AT3G04480.1 	4.36021e-105
SPBC530.01	AT2G30710.1 	6.5019e-112
SPBC530.16	AT5G20165.1 	1.2702e-22
SPBC530.06c	AT3G52140.2 	1.76093e-98
SPBC530.10c	AT4G28390.1 	8.17261e-149
SPBC530.12c	AT3G60340.2 	5.27844e-32
SPBC530.14c	AT5G22840.1 	2.17949e-134
SPBC36.05c	AT5G63110.1 	8.11404e-176
SPBC36.07	AT5G13680.1 	4.23958e-42
SPBC36.09	AT5G06160.1 	5.15747e-83
SPBC36.10	AT5G13070.1 	3.97381e-23
SPBC36.12c	AT4G23570.2 	1.55965e-29
SPBC713.02c	AT5G06600.2 	6.38222e-173
SPBC713.03	AT4G36400.2 	8.27272e-161
SPBC713.04c	AT1G15440.1 	0.0
SPBC713.05	AT5G64730.1 	6.46121e-60
SPBC713.10	AT5G61880.2 	7.90723e-10
SPBC713.11c	AT2G38905.1 	7.92982e-13
SPBC713.12	AT1G58440.1 	2.33699e-97
SPBC216.01c	AT3G06670.1 	6.79665e-65
SPBC216.04c	AT4G04830.1 	3.91793e-51
SPBC216.05	AT5G40820.1 	2.02478e-174
SPBC216.07c	AT1G50030.1 	0.0
SPBC646.02	AT2G38770.1 	6.01684e-76
SPBC646.03	AT3G25660.1 	5.85332e-55
SPBC646.04	AT1G17980.1 	8.38344e-127
SPBC646.05c	AT4G34640.1 	2.47511e-88
SPBC646.07c	AT3G55360.1 	8.06606e-43
SPBC646.09c	AT3G57290.1 	4.6022e-98
SPBC646.10c	AT3G12860.1 	0.0
SPBC646.11	AT5G16070.1 	0.0
SPBC646.14c	AT4G29910.1 	5.70112e-18
SPBC646.16	AT5G35590.1 	4.66684e-98
SPBP35G2.02	AT2G25950.1 	2.78695e-28
SPBP35G2.07	AT3G48560.1 	7.98346e-160
SPBP35G2.09	AT4G03120.1 	2.29029e-14
SPBP35G2.11c	AT4G24690.1 	9.86622e-11
SPBP35G2.13c	AT2G36740.1 	1.15855e-07
SPBC146.03c	AT5G48600.2 	4.05348e-144
SPBC146.06c	AT1G48360.2 	2.36245e-61
SPBC146.07	AT1G60900.1 	5.34478e-30
SPBC146.08c	AT2G40780.1 	1.34663e-09
SPBC146.09c	AT3G10390.1 	5.03666e-31
SPBC146.12	AT3G24200.2 	7.60286e-51
SPBC146.14c	AT4G31490.1 	0.0
SPBC337.05c	AT3G03960.1 	1.15542e-166
SPBC337.06c	AT3G13200.1 	2.29832e-18
SPBC337.08c	AT5G20620.1 	0.0
SPBC337.10c	AT5G18400.1 	3.71329e-15
SPBC337.12	AT1G21580.1 	1.1454e-26
SPBC337.14	AT5G09920.1 	5.44202e-15
SPBC1734.01c	AT3G01160.1 	1.07285e-41
SPBC1734.03	AT1G69190.1 	2.89888e-82
SPBC1734.05c	AT5G22080.1 	3.75593e-22
SPBC1734.07c	AT5G16280.1 	2.70194e-16
SPBC1734.11	AT5G22060.1 	4.78849e-93
SPBC1734.12c	AT1G02145.1 	1.43355e-67
SPBC1734.13	AT2G33040.1 	2.55798e-35
SPBC1734.14c	AT2G27970.1 	3.98272e-23
SPBC1709.02c	AT1G14610.1 	0.0
SPBC1709.04c	AT2G38730.1 	7.2596e-67
SPBC1709.06	AT3G49640.1 	3.19802e-56
SPBC1709.08	AT5G51660.1 	4.96017e-50
SPBC1709.10c	AT3G56240.1 	3.19575e-07
SPBC1709.11c	AT3G24010.1 	1.79858e-19
SPBC1709.13c	AT1G01920.2 	1.67271e-15
SPBC1709.14	AT5G49570.1 	2.40704e-58
SPBC1709.15c	AT5G23880.1 	1.4349e-100
SPBC1709.16c	AT4G15093.1 	1.0018e-20
SPBC1709.17	AT3G55630.3 	2.58926e-72
SPBC1709.18	AT4G18040.1 	2.02371e-34
SPBC1709.19c	AT1G51390.1 	1.0466e-64
SPBC409.05	AT4G34210.1 	4.10436e-48
SPBC409.06	AT1G65650.1 	4.44333e-85
SPBC409.10	AT3G21110.2 	2.32139e-41
SPBC409.13	AT2G44050.1 	4.80717e-22
SPBC409.14c	AT1G49400.1 	6.92166e-09
SPBC409.18	AT1G15080.1 	1.20006e-39
SPBC1306.01c	AT2G45030.1 	0.0
SPBC1306.02	AT4G01860.2 	4.74982e-19
SPBC4.03c	AT3G44340.1 	1.31314e-121
SPBC4.04c	AT1G44900.2 	0.0
SPBC4.05	AT4G23860.3 	2.74776e-32
SPBC4.07c	AT2G20140.1 	0.0
SPBC725.01	AT2G30970.2 	2.68797e-142
SPBC725.04	AT5G17380.1 	7.79311e-117
SPBC725.05c	AT4G29690.1 	2.0224e-68
SPBC725.07	AT5G56290.1 	2.90565e-29
SPBC725.11c	AT2G34720.1 	3.71757e-13
SPBC725.13c	AT3G12530.1 	1.86038e-25
SPBC725.15	AT3G54470.1 	2.52374e-09
SPBC725.16	AT2G28840.1 	1.60215e-06
SPBC651.01c	AT1G50920.1 	0.0
SPBC651.02	AT4G08790.1 	8.64272e-66
SPBC651.05c	AT4G27040.4 	1.82961e-46
SPBC651.08c	AT5G60040.1 	0.0
SPBC651.09c	AT1G61040.1 	1.62139e-17
SPBC3D6.15	AT4G39200.2 	5.7557e-20
SPBC3D6.07	AT3G45100.2 	3.26795e-160
SPBC3D6.08c	AT1G19120.1 	2.00272e-29
SPBC3D6.10	AT4G36050.2 	3.47369e-36
SPBC3D6.12	AT3G21540.1 	7.46037e-180
SPBC30B4.03c	AT4G25515.1 	3.87603e-13
SPBC30B4.05	AT2G46520.1 	2.07822e-161
SPBC30B4.06c	AT2G13440.1 	2.21742e-124
SPBC30B4.07c	AT1G18340.1 	1.962e-42
SPBC30B4.08	AT3G15140.1 	2.65134e-12
SPBC27B12.06	AT5G17250.1 	7.30799e-55
SPBC27B12.08	AT1G67140.3 	1.56012e-09
SPBC27B12.09c	AT5G66380.1 	4.30192e-45
SPBC27B12.13	AT3G20000.1 	1.0793e-22
SPBC8D2.06	AT4G10320.1 	0.0
SPBC8D2.09c	AT1G06960.1 	1.28427e-19
SPBC8D2.12c	AT2G25830.1 	3.03876e-19
SPBC8D2.14c	AT3G24350.1 	3.54168e-49
SPBC8D2.15	AT5G08415.1 	3.0965e-119
SPBC8D2.16c	AT5G19300.1 	3.55357e-31
SPBC8D2.18c	AT4G13940.1 	1.53202e-172
SPBC8D2.20c	AT3G63460.3 	1.32613e-76
SPBC17A3.01c	AT1G55900.2 	2.56087e-40
SPBC17A3.03c	AT2G32960.1 	2.09344e-31
SPBC17A3.04c	AT4G13780.1 	0.0
SPBC17A3.05c	AT3G57340.2 	9.33214e-36
SPBC17A3.06	AT4G18593.1 	6.43997e-20
SPBC17A3.07	AT3G54660.1 	1.29583e-97
SPBC17A3.08	AT3G52390.1 	3.70344e-81
SPBC17A3.09c	AT3G29010.1 	4.49208e-08
SPBC17A3.10	AT2G26350.1 	5.21932e-12
SPBC691.03c	AT5G22770.2 	4.55903e-123
SPBP22H7.02c	AT4G19610.1 	3.05796e-96
SPBP22H7.07	AT4G15900.1 	2.51138e-150
SPBC32H8.04c	AT2G46230.1 	6.42327e-74
SPBC32H8.03	AT5G20520.1 	2.86904e-60
SPBC32H8.07	AT4G34460.4 	9.64882e-75
SPBC32H8.09	AT5G07590.1 	2.15343e-14
SPBC32H8.10	AT5G10270.1 	7.07115e-102
SPBC32H8.12c	AT3G53750.1 	0.0
SPBC32H8.13c	AT1G32900.1 	4.02808e-13
SPBC11B10.01	AT1G78800.1 	1.43536e-92
SPBC11B10.02c	AT5G10330.3 	3.34677e-44
SPBC11B10.03	AT5G11980.1 	1.54066e-09
SPBC11B10.04c	AT1G80620.1 	1.67215e-08
SPBC11B10.07c	AT3G12740.1 	6.39766e-60
SPBC11B10.09	AT3G48750.1 	2.42945e-140
SPBC11B10.10c	AT3G54560.1 	5.19164e-53
SPBC1215.01	AT3G17910.1 	4.17901e-20
SPBC1215.02c	AT5G58450.1 	2.35288e-06
SPBC83.02c	AT3G60245.1 	2.12137e-11
SPBC83.06c	AT5G20180.2 	1.21239e-09
SPBC83.08	AT5G67630.1 	0.0
SPBC83.11	AT5G46110.3 	1.23491e-18
SPBC83.14c	AT5G27740.1 	5.98316e-109
SPBC83.15	AT1G29320.1 	8.19242e-13
SPBC83.17	AT3G58680.1 	3.4681e-25
SPBC83.18c	AT5G11100.1 	5.7148e-07
SPBC29B5.02c	AT5G55930.1 	7.37443e-172
SPBC29B5.03c	AT5G67510.1 	5.83819e-54
SPBC27.08c	AT1G19920.1 	1.10336e-45
SPBC28F2.02	AT2G20280.1 	2.36225e-24
SPBC28F2.03	AT5G58710.1 	2.71006e-63
SPBC28F2.09	AT5G59230.1 	8.61638e-10
SPBC28F2.12	AT4G35800.1 	0.0
SPBC21B10.11	AT1G74340.1 	3.79829e-09
SPBC21B10.10	AT5G58420.1 	3.40627e-131
SPBC21B10.05c	AT3G18140.1 	2.33316e-130
SPBC21B10.03c	AT3G14010.4 	3.25188e-24
SPBC19C2.01	AT2G35340.1 	0.0
SPBC19C2.02	AT5G25480.1 	3.94584e-64
SPBC19C2.03	AT5G41010.1 	6.80541e-18
SPBC19C2.07	AT1G18270.1 	4.3792e-07
SPBC19C2.08	AT2G40650.1 	4.25797e-47
SPBC19C2.12	AT3G59650.1 	1.05556e-17
SPBC19C2.14	AT1G76300.1 	9.58039e-37
SPBC19C2.15c	AT5G10480.1 	3.91394e-23
SPBC2F12.15c	AT3G09320.1 	2.60312e-26
SPBC2F12.14c	AT1G16350.1 	1.07606e-131
SPBC2F12.13	AT3G49650.1 	1.26347e-82
SPBC2F12.12c	AT1G03910.1 	7.82893e-39
SPBC2F12.08c	AT5G01290.1 	2.81413e-43
SPBC2F12.07c	AT4G36130.1 	9.21125e-109
SPBC2F12.05c	AT2G31020.1 	5.01384e-82
SPBC2F12.04	AT1G67430.1 	1.19323e-57
SPBC2F12.02c	AT4G01310.1 	5.48099e-20
SPBC1D7.05	AT1G54960.1 	2.22316e-84
SPBC1D7.04	AT5G02530.2 	5.4391e-10
SPBC1D7.02c	AT3G48430.1 	7.96063e-07
SPBC11G11.01	AT3G57090.1 	1.58002e-10
SPBC11G11.03	AT1G25260.1 	7.37017e-47
SPBC11G11.04	AT1G80500.1 	6.06552e-44
SPBC11G11.06c	AT2G18740.1 	2.54049e-30
SPBC11G11.07	AT5G62600.1 	8.90069e-50
SPBC18H10.02	AT1G77590.1 	2.56012e-121
SPBC18H10.03	AT3G11400.1 	3.3563e-31
SPBC18H10.04c	AT4G24770.1 	1.4687e-08
SPBC18H10.06c	AT5G14530.1 	1.41854e-42
SPBC18H10.10c	AT1G25682.1 	6.56982e-31
SPBC18H10.12c	AT2G01250.1 	3.51321e-94
SPBC18H10.13	AT3G11510.1 	4.94247e-42
SPBC18H10.14	AT2G09990.1 	1.79927e-72
SPBC18H10.15	AT1G67580.2 	2.91571e-111
SPBC18H10.16	AT1G30450.2 	4.17758e-73
SPBC18H10.19	AT2G32760.1 	5.92615e-06
SPBC9B6.03	AT1G20110.1 	2.57277e-11
SPBC9B6.04c	AT4G02930.1 	6.03734e-170
SPBC9B6.05c	AT1G76860.1 	8.04378e-33
SPBC9B6.06	AT5G64670.1 	5.56358e-29
SPBC9B6.07	AT5G20600.1 	1.04103e-24
SPBC9B6.09c	AT5G39040.1 	2.34415e-110
SPBC28E12.05	AT3G56510.2 	1.50057e-44
SPBC28E12.06c	AT1G03060.1 	1.80911e-127
SPBC3H7.15	AT4G26100.1 	7.79076e-163
SPBC3H7.11	AT2G26200.1 	2.13047e-55
SPBC3H7.09	AT4G24630.1 	7.68742e-44
SPBC3H7.07c	AT1G18640.2 	3.09046e-13
SPBC3H7.03c	AT5G65750.1 	0.0
SPBP16F5.02	AT5G27620.1 	9.20638e-18
SPBP16F5.03c	AT4G36080.2 	2.68386e-177
SPBP16F5.05c	AT5G12320.1 	2.40097e-20
SPBP16F5.07	AT1G60780.1 	6.62293e-180
SPBP16F5.08c	AT5G07800.1 	4.11937e-43
SPBC16E9.06c	AT1G55805.1 	1.37412e-20
SPBC16E9.05	AT5G13710.2 	2.21719e-103
SPBC16E9.10c	AT3G01610.1 	2.55537e-168
SPBC16E9.12c	AT5G10350.2 	3.21328e-48
SPBC16E9.18	AT4G16700.1 	1.58602e-70
SPBC1A4.01	AT2G18290.1 	9.32637e-45
SPBC1A4.02c	AT1G80560.1 	3.4005e-81
SPBC1A4.03c	AT3G23890.1 	0.0
SPBC1A4.06c	AT3G47630.2 	3.26552e-39
SPBC1A4.07c	AT4G28450.1 	1.41585e-127
SPBC1A4.08c	AT5G26360.1 	0.0
SPBC1A4.09	AT3G04820.1 	1.07533e-106
SPBC1A4.10c	AT3G04740.1 	2.63611e-11
SPBP23A10.04	AT2G04660.1 	7.2924e-67
SPBP23A10.06	AT4G27940.1 	3.23877e-26
SPBP23A10.07	AT1G29940.1 	0.0
SPBP23A10.09	AT1G80190.1 	4.34704e-15
SPBP23A10.10	AT1G71410.1 	3.32653e-44
SPBP23A10.13	AT2G01120.2 	1.42141e-30
SPBP23A10.15c	AT3G02090.1 	1.06266e-127
SPBC29A3.01	AT1G63440.1 	4.57693e-172
SPBC29A3.02c	AT1G31860.1 	4.70932e-12
SPBC29A3.03c	AT4G37880.1 	5.21284e-55
SPBC29A3.04	AT3G62870.1 	1.88405e-100
SPBC29A3.05	AT5G37055.1 	5.6309e-09
SPBC29A3.06	AT5G14050.1 	5.67279e-72
SPBC29A3.07c	AT5G12190.1 	3.51661e-32
SPBC29A3.09c	AT1G64550.1 	9.79025e-163
SPBC29A3.12	AT5G15200.1 	5.19549e-83
SPBC29A3.14c	AT5G16850.1 	1.57699e-17
SPBC29A3.16	AT2G37990.1 	1.6348e-09
SPBC29A3.18	AT5G40810.1 	5.15292e-92
SPBC18E5.02c	AT4G36480.2 	3.79404e-86
SPBC18E5.06	AT3G53890.2 	2.35498e-26
SPBC18E5.10	AT5G08530.1 	9.64616e-95
SPBC23G7.05	AT5G54940.2 	1.01806e-38
SPBC23G7.06c	AT1G17820.1 	2.3676e-10
SPBC23G7.07c	AT2G43110.1 	7.32445e-12
SPBC23G7.08c	AT5G61530.1 	1.39914e-07
SPBC23G7.12c	AT5G19990.1 	0.0
SPBC23G7.13c	AT5G45380.1 	3.70894e-147
SPBC1711.03	AT4G12590.1 	1.49512e-54
SPBC1711.05	AT5G57120.1 	9.64563e-06
SPBC1711.07	AT2G19540.1 	2.16239e-96
SPBC1711.08	AT3G12050.1 	2.61987e-24
SPBC1711.11	AT5G58440.1 	1.89027e-15
SPBC1711.12	AT4G14570.1 	1.31411e-13
SPBC1711.13	AT5G63890.1 	1.14884e-129
SPBC1711.16	AT4G18905.1 	1.437e-76
SPBC1711.17	AT5G13010.1 	0.0
SPBC17G9.02c	AT3G22590.1 	2.51083e-17
SPBC17G9.03c	AT3G11710.1 	0.0
SPBC17G9.05	AT1G53720.1 	1.07797e-103
SPBC17G9.07	AT5G28060.1 	1.6794e-41
SPBC17G9.08c	AT1G10870.1 	4.78164e-24
SPBC17G9.09	AT1G04170.1 	0.0
SPBC17G9.10	AT2G42740.1 	2.13025e-93
SPBC17G9.11c	AT5G35360.1 	1.56756e-97
SPBC1815.01	AT1G74030.1 	0.0
SPBC14C8.02	AT2G20510.1 	4.57748e-15
SPBC14C8.03	AT3G59990.4 	2.95761e-175
SPBC14C8.04	AT2G31810.1 	1.7697e-21
SPBC14C8.06	AT2G31300.1 	7.56833e-66
SPBC14C8.07c	AT1G07270.1 	6.26659e-46
SPBC14C8.10	AT4G31460.1 	9.29096e-13
SPBC14C8.12	AT1G54250.1 	4.98115e-22
SPBC14C8.13	AT5G59560.2 	1.91671e-08
SPBC14C8.14c	AT5G64420.1 	2.52838e-13
SPBC14C8.15	AT2G15230.1 	1.65585e-38
SPBC15C4.01c	AT3G04830.1 	2.93303e-29
SPBC15C4.02	AT2G40090.1 	2.93685e-67
SPBC15C4.03	AT3G06540.1 	1.06965e-22
SPBC15C4.04c	AT2G01170.1 	9.06447e-76
SPBC15C4.05	AT2G35920.1 	2.74242e-125
SPBC15C4.06c	AT4G11680.1 	6.12722e-09
SPBC21H7.02	AT4G31720.1 	1.22791e-24
SPBC21H7.04	AT2G40700.1 	6.66991e-102
SPBC21H7.06c	AT1G66080.1 	6.99203e-11
SPBC21H7.07c	AT4G14910.1 	4.69414e-43
SPBC16H5.11c	AT4G31120.1 	7.4208e-114
SPBC16H5.10c	AT3G62310.1 	0.0
SPBC16H5.08c	AT5G60790.1 	0.0
SPBC16H5.07c	AT3G58500.1 	0.0
SPBC16H5.06	AT5G13430.1 	8.63963e-68
SPBC16H5.05c	AT4G33060.1 	7.38443e-54
SPBC16H5.03c	AT2G21470.1 	9.37668e-116
SPBC16H5.02	AT2G22480.1 	3.57019e-10
SPBC12D12.01	AT5G04990.1 	1.33973e-18
SPBC12D12.02c	AT1G09815.1 	7.19554e-10
SPBC12D12.03	AT3G20050.1 	0.0
SPBC12D12.09	AT1G16590.1 	5.28022e-10
SPBC12D12.05c	AT5G51050.1 	4.22463e-61
SPBC12D12.06	AT5G48640.1 	3.04568e-20
SPBC12D12.08c	AT1G31340.1 	2.79342e-40
SPBC24C6.02	AT5G05450.1 	7.57595e-95
SPBC24C6.05	AT2G34840.2 	2.65938e-06
SPBC24C6.11	AT4G21110.1 	8.0782e-55
SPBC19G7.01c	AT3G18524.1 	1.91229e-173
SPBC19G7.03c	AT5G56670.1 	8.8745e-11
SPBC19G7.06	AT5G51870.2 	4.11481e-10
SPBC19G7.07c	AT1G80880.1 	4.30569e-11
SPBC19G7.09	AT3G06910.1 	9.18337e-41
SPBC19G7.16	AT1G32130.1 	1.17698e-26
SPBC36B7.03	AT1G79940.4 	4.89682e-31
SPBC36B7.04	AT5G67220.1 	5.45469e-83
SPBC36B7.07	AT1G28490.1 	4.23006e-08
SPBC36B7.09	AT3G59410.1 	3.67981e-56
SPBC1921.01c	AT3G55750.1 	1.66096e-38
SPBC1921.05	AT4G33090.1 	5.43305e-178
SPBC21D10.11c	AT5G65720.1 	0.0
SPBC21D10.10	AT1G05910.1 	2.54373e-06
SPBC21D10.09c	AT5G58410.1 	5.21424e-39
SPBC21D10.07	AT4G21192.2 	1.12086e-08
SPBC12C2.12c	AT1G08110.3 	7.23288e-33
SPBC12C2.11	AT3G24090.1 	0.0
SPBC12C2.10c	AT3G01320.2 	7.40926e-44
SPBC12C2.09c	AT5G20270.1 	1.46342e-42
SPBC12C2.08	AT4G33650.1 	0.0
SPBC12C2.07c	AT1G70310.1 	1.53998e-96
SPBC12C2.06	AT3G53110.1 	9.90846e-96
SPBC557.03c	AT5G63860.1 	3.30579e-31
SPBC365.02c	AT2G44520.1 	1.76141e-45
SPBC365.05c	AT1G65660.1 	1.43764e-46
SPBC365.06	AT5G55160.1 	2.1449e-32
SPBC365.09c	AT1G55460.1 	9.45648e-59
SPBC365.10	AT3G12380.1 	1.19023e-92
SPBC365.14c	AT4G23920.1 	1.74475e-128
SPBC365.15	AT5G17410.1 	3.56584e-67
SPBC29A10.01	AT4G30210.2 	3.15823e-84
SPBC29A10.04	AT3G54670.3 	0.0
SPBC29A10.05	AT1G29630.2 	1.14315e-72
SPBC29A10.09c	AT1G55870.1 	1.54281e-14
SPBC29A10.10c	AT1G16800.1 	1.43186e-89
SPBC29A10.12	AT1G16210.1 	2.09174e-13
SPBC29A10.15	AT4G14700.1 	2.16997e-75
SPBC29A10.16c	AT2G32720.1 	2.24044e-24
SPBC2G5.01	AT4G24330.1 	4.95446e-09
SPBC2G5.03	AT2G44270.1 	2.63244e-162
SPBC2G5.05	AT3G60750.2 	0.0
SPBC2G5.07c	AT1G06790.1 	1.08068e-29
SPBC25B2.03	AT1G17145.1 	7.25024e-12
SPBC25B2.04c	AT2G41670.1 	9.97912e-29
SPBC25B2.05	AT5G08420.1 	1.0158e-111
SPBC25B2.09c	AT4G26300.1 	3.99392e-52
SPBC25B2.11	AT5G23340.1 	3.92369e-14
SPBC1826.01c	AT3G54280.1 	0.0
SPBC6B1.02	AT2G32850.2 	1.0301e-57
SPBC6B1.05c	AT5G45900.1 	1.1666e-145
SPBC6B1.06c	AT3G20630.1 	1.60769e-127
SPBC6B1.07	AT4G03430.1 	0.0
SPBC6B1.10	AT1G10580.1 	1.23162e-121
SPBC3E7.01	AT1G71010.1 	6.60306e-68
SPBC3E7.02c	AT1G07400.1 	8.20064e-18
SPBC3E7.08c	AT3G28030.1 	7.81318e-57
SPBC3E7.09	AT1G71360.1 	4.1457e-39
SPBC3E7.10	AT2G45240.1 	1.07857e-125
SPBC3E7.11c	AT4G39150.2 	1.65426e-31
SPBC3E7.13c	AT2G16860.1 	5.00794e-09
SPBC3E7.15c	AT1G26200.1 	2.81532e-08
SPBC3E7.14	AT4G30220.1 	1.285e-33
SPBC3E7.16c	AT1G18500.1 	5.27446e-27
SPBC4F6.04	AT3G55280.2 	1.60025e-40
SPBC4F6.07c	AT3G16840.1 	7.02233e-90
SPBC4F6.08c	AT5G18790.1 	6.80112e-12
SPBC4F6.10	AT3G19770.1 	2.12288e-47
SPBC4F6.11c	AT2G03667.1 	3.87259e-45
SPBC4F6.13c	AT2G40360.1 	9.40317e-151
SPBC4F6.14	AT2G21440.1 	1.90078e-27
SPBC4F6.15c	AT3G05210.1 	1.70182e-61
SPBC4F6.17c	AT5G15450.1 	0.0
SPBC4F6.18c	AT3G62290.3 	8.8001e-119
SPBC336.02	AT2G47420.1 	1.71501e-107
SPBC336.04	AT5G63960.1 	0.0
SPBC336.05c	AT4G20910.2 	8.2302e-20
SPBC336.11	AT1G71270.1 	1.16942e-33
SPBC336.13c	AT3G08980.1 	4.46706e-25
SPBC685.02	AT5G60370.1 	7.26498e-19
SPBC685.04c	AT1G47830.1 	2.5309e-53
SPBC685.06	AT1G72370.2 	5.86678e-86
SPBC685.07c	AT4G15000.1 	3.92554e-46
SPBC685.09	AT2G37560.2 	3.49591e-39
SPBC32F12.02	AT4G29830.1 	1.01773e-25
SPBC32F12.03c	AT4G11600.1 	2.86472e-51
SPBC32F12.04	AT5G05620.1 	0.0
SPBC32F12.05c	AT3G18790.1 	1.92654e-22
SPBC32F12.06	AT4G19600.1 	1.1529e-42
SPBC32F12.10	AT5G51820.1 	0.0
SPBC32F12.11	AT1G16300.1 	8.43885e-165
SPBC19C7.02	AT5G02310.1 	7.38057e-18
SPBC19C7.03	AT3G13380.1 	5.71353e-15
SPBC19C7.06	AT3G62120.2 	0.0
SPBC19C7.11	AT5G26240.1 	6.89234e-27
SPBP19A11.01	AT2G35370.1 	1.41719e-42
SPBP19A11.03c	AT2G20580.1 	0.0
SPBP19A11.04c	AT5G15680.1 	3.87463e-15
SPAP19A11.05c	AT5G40950.1 	3.61411e-22
SPBP4H10.03	AT5G62050.1 	2.1854e-40
SPBP4H10.05c	AT5G18930.1 	1.32848e-43
SPBP4H10.06c	AT5G62410.1 	0.0
SPBP4H10.07	AT3G61460.1 	2.57217e-14
SPBP4H10.10	AT1G18600.1 	4.00245e-08
SPBP4H10.13	AT5G02960.1 	2.00668e-71
SPBP4H10.17c	AT4G10050.1 	3.80934e-70
SPBP4H10.21c	AT5G49010.1 	3.73778e-16
SPBC1703.01c	AT2G43190.2 	1.35517e-09
SPBC1703.04	AT4G09140.1 	1.21622e-109
SPBC1703.05	AT3G51270.1 	1.28112e-104
SPBC1703.07	AT5G49460.1 	0.0
SPBC1703.08c	AT5G13050.1 	2.19307e-15
SPBC1703.10	AT1G02130.1 	7.5741e-109
SPBC1703.11	AT1G28510.1 	5.54982e-22
SPBC1703.12	AT4G39910.1 	1.1152e-83
SPBC1703.13c	AT5G14040.1 	1.15434e-95
SPBC1703.14c	AT5G55310.1 	1.42626e-137
SPBC1703.15c	AT3G54860.1 	6.15201e-74
SPBC2A9.03	AT5G56190.2 	8.69412e-40
SPBC2A9.04c	AT5G37230.1 	8.28444e-10
SPBC2A9.05c	AT1G09330.1 	1.35235e-36
SPBC2A9.06c	AT1G11755.1 	1.47579e-09
SPBC2A9.08c	AT1G11890.1 	1.13837e-55
SPBC2A9.09	AT5G14240.1 	8.00498e-27
SPBC2A9.10	AT5G51130.1 	8.07256e-29
SPBC2A9.11c	AT2G39340.1 	5.52027e-60
SPBC2D10.03c	AT4G32930.1 	7.53722e-21
SPBC2D10.07c	AT1G53530.1 	2.52501e-31
SPBC2D10.08c	AT2G20060.1 	2.56892e-24
SPBC2D10.09	AT5G65940.1 	1.83716e-80
SPBC2D10.10c	AT5G52470.1 	2.05345e-135
SPBC2D10.12	AT1G16190.1 	3.5096e-52
SPBC2D10.15c	AT1G18440.1 	2.28366e-19
SPBC2D10.18	AT4G01660.1 	1.11533e-117
SPBC2D10.20	AT5G50870.1 	5.48319e-60
SPBC15D4.04	AT2G41490.1 	7.4043e-64
SPBC15D4.05	AT1G26520.1 	1.55436e-64
SPBC15D4.06	AT2G38130.2 	1.53358e-46
SPBC15D4.07c	AT2G31260.1 	6.51484e-68
SPBC15D4.13c	AT3G16220.1 	9.52518e-09
SPBC15D4.15	AT5G47760.1 	5.535e-57
SPBC13E7.01	AT1G80930.1 	0.0
SPBC13E7.02	AT1G01350.1 	4.71812e-37
SPBC13E7.04	AT5G47030.1 	5.35297e-14
SPBC13E7.05	AT5G22130.1 	2.80512e-80
SPBC13E7.08c	AT5G61150.1 	2.71163e-10
SPBC13E7.10c	AT3G09360.1 	1.25272e-42
SPBC13E7.11	AT1G18600.1 	4.11596e-10
SPBC30D10.16	AT1G11790.1 	6.94689e-22
SPBC30D10.15	AT1G03530.1 	4.6757e-16
SPBC30D10.14	AT3G23600.1 	4.83457e-17
SPBC30D10.13c	AT5G50850.1 	2.46874e-147
SPBC30D10.11	AT3G57170.1 	1.88704e-23
SPBC30D10.09c	AT5G42560.1 	1.26598e-14
SPBC30D10.07c	AT2G25710.2 	1.34179e-38
SPBC30D10.06	AT5G27720.1 	1.50407e-38
SPBC30D10.05c	AT3G47360.1 	8.60087e-25
SPBC30D10.02	AT5G23090.1 	1.96318e-31
SPBC1778.01c	AT3G11450.1 	9.6805e-36
SPBC1778.03c	AT5G20070.1 	7.22287e-37
SPBC1778.06c	AT5G35700.1 	1.17127e-144
SPBC1778.07	AT2G32160.3 	4.58144e-71
SPBC1778.08c	AT1G60430.2 	1.41829e-44
SPBC1778.09	AT5G15930.1 	2.17615e-36
SPBC4C3.10c	AT4G31300.3 	3.82191e-76
SPBC4C3.08	AT1G60450.1 	2.8025e-12
SPBC4C3.07	AT2G39990.1 	1.40706e-41
SPBC4C3.05c	AT3G57660.1 	0.0
SPBC4C3.03	AT2G17265.1 	1.91624e-14
SPBC405.01	AT1G09830.1 	6.60041e-109
SPBC405.03c	AT4G32140.1 	1.56355e-34
SPBC405.04c	AT3G18820.1 	9.22094e-96
SPBC609.02	AT3G19420.1 	2.81917e-29
SPBC609.03	AT5G10940.2 	3.24318e-33
SPBC609.05	AT3G28730.1 	8.84205e-85
SPBC776.01	AT3G06700.3 	1.81483e-15
SPBC776.02c	AT2G39840.1 	0.0
SPBC776.03	AT1G31230.1 	1.04947e-81
SPBC776.05	AT5G35460.1 	1.0072e-30
SPBC776.07	AT5G05990.1 	1.04743e-13
SPBC776.08c	AT1G63810.1 	7.51182e-71
SPBC776.09	AT4G00660.1 	0.0
SPBC776.10c	AT1G31780.1 	1.69651e-22
SPBC776.13	AT3G57060.1 	3.16748e-88
SPBC776.14	AT5G13640.1 	1.40968e-65
SPBC776.15c	AT4G26910.3 	1.81285e-111
SPBC776.18c	AT4G30820.3 	3.28287e-15
SPBC21.03c	AT2G14660.1 	1.65969e-07
SPBC21.06c	AT3G13530.1 	2.61529e-89
SPBC19F8.02	AT5G53400.1 	4.37081e-40
SPBC19F8.03c	AT5G57200.1 	4.06593e-26
SPBC19F8.06c	AT1G05940.1 	5.60171e-14
SPBC19F8.07	AT1G18040.1 	1.8055e-107
SPBC25H2.16c	AT5G16880.3 	7.55524e-14
SPBC25H2.15	AT5G64830.2 	2.64476e-14
SPBC25H2.14	AT2G15240.1 	1.01112e-45
SPBC25H2.13c	AT2G27120.1 	0.0
SPBC25H2.12c	AT3G11830.1 	0.0
SPBC25H2.11c	AT1G32750.1 	4.85161e-12
SPBC25H2.10c	AT5G12410.1 	4.02975e-12
SPBC25H2.08c	AT1G16010.3 	4.21609e-20
SPBC25H2.07	AT2G04520.1 	1.75102e-39
SPBC25H2.06c	AT3G59500.1 	3.14685e-24
SPBC25H2.05	AT4G10480.2 	1.68004e-27
SPBC25H2.04c	AT1G18320.1 	1.48414e-22
SPBC25H2.03	AT2G01690.1 	3.64193e-121
SPBC25H2.02	AT5G26830.1 	0.0
SPBC20F10.01	AT5G18180.1 	3.50107e-33
SPBC20F10.04c	AT1G51130.1 	8.96277e-15
SPBC20F10.05	AT3G17740.1 	2.28908e-10
SPBC20F10.06	AT3G25980.1 	2.81612e-60
SPBC20F10.07	AT1G02120.1 	5.35314e-22
SPBC20F10.09	AT5G48870.1 	2.01281e-25
SPBC20F10.10	AT2G44740.1 	2.16225e-26
SPBC17D11.01	AT5G60190.1 	2.63276e-10
SPBC17D11.02c	AT3G16090.1 	1.27762e-52
SPBC17D11.04c	AT3G14740.1 	1.0698e-30
SPBC17D11.05	AT4G11420.1 	2.31259e-128
SPBC17D11.06	AT1G67320.2 	4.53615e-93
SPBC17D11.07c	AT2G32730.1 	0.0
SPBC17D11.08	AT5G24520.2 	3.12674e-55
SPBC17D1.02	AT3G59630.1 	3.24203e-70
SPBC17D1.03c	AT1G60080.1 	2.98656e-36
SPBC17D1.06	AT1G31970.1 	3.03385e-130
SPBC11C11.01	AT5G25060.1 	5.08873e-07
SPBC11C11.03	AT3G54630.1 	1.10436e-09
SPBC11C11.04c	AT3G60740.1 	2.45961e-46
SPBC11C11.08	AT4G02430.1 	2.02111e-09
SPBC11C11.09c	AT5G39740.2 	2.3629e-97
SPBC11C11.10	AT5G14460.1 	1.24763e-11
SPBC3B8.09	AT2G43650.1 	1.78365e-07
SPBC3B8.07c	AT4G04930.1 	1.9448e-98
SPBC3B8.05	AT5G62030.1 	2.11838e-128
SPBC3B8.04c	AT5G47560.1 	1.51233e-17
SPBC3B8.03	AT4G33150.3 	2.41021e-93
SPBC3B8.02	AT3G48590.1 	1.83345e-33
SPBC3B8.01c	AT4G32360.1 	6.10438e-83
SPBC13A2.01c	AT5G44200.2 	8.79694e-56
SPBC13A2.03	AT1G62430.1 	5.67157e-104
SPBC13A2.04c	AT3G54140.1 	1.65013e-33
SPBC4B4.01c	AT4G32180.3 	1.91519e-84
SPBC4B4.02c	AT5G12290.1 	1.38209e-16
SPBC4B4.04	AT1G73180.2 	1.82461e-85
SPBC4B4.05	AT2G23930.1 	2.03336e-19
SPBC4B4.06	AT4G19003.1 	2.11458e-21
SPBC4B4.07c	AT2G30260.1 	7.07338e-48
SPBC4B4.08	AT3G19940.1 	3.39843e-52
SPBC4B4.09	AT1G04080.1 	2.16772e-66
SPBC4B4.10c	AT5G17290.1 	1.05676e-18
SPBC2G2.03c	AT3G60540.2 	1.27408e-09
SPBC2G2.04c	AT3G20390.1 	6.03888e-28
SPBC2G2.11	AT5G57020.1 	1.04238e-141
SPBC2G2.13c	AT3G48540.1 	4.12157e-17
SPBC2G2.12	AT3G02760.1 	3.98491e-131
SPBC2G2.16	AT1G67070.1 	4.78278e-94
SPBC1718.05	AT5G58030.1 	6.08092e-60
SPBC1718.07c	AT1G68200.1 	1.6252e-18
SPBC1105.02c	AT5G23010.1 	1.34349e-39
SPBC1105.03c	ATCG00790.1 	5.11662e-15
SPBC1105.08	AT2G24170.1 	8.53503e-131
SPBC1105.09	AT3G46460.1 	2.3991e-75
SPBC1105.10	AT2G46560.1 	5.91926e-25
SPBC1105.11c	AT5G65360.1 	1.52712e-78
SPBC1105.12	AT5G59970.1 	1.27357e-49
SPBC887.01	AT2G26400.1 	8.24777e-35
SPBC887.03c	AT1G79150.1 	1.97039e-23
SPBC887.04c	AT3G18860.1 	1.24571e-103
SPBC887.05c	AT3G47120.1 	7.73581e-40
SPBC887.07	ATCG00780.1 	6.37901e-24
SPBC887.09c	AT3G15410.1 	1.23083e-12
SPBC887.12	AT1G59820.1 	0.0
SPBC887.13c	AT2G04540.1 	8.17239e-126
SPBC887.15c	AT1G14290.1 	7.99471e-75
SPBC887.17	AT3G10960.1 	1.09137e-132
SPBC887.19	AT5G07630.1 	2.4198e-29
SPBC418.01c	AT4G26900.1 	0.0
SPBC16D10.02	AT3G26410.1 	5.62942e-63
SPBC16D10.03	AT4G22720.2 	7.25632e-163
SPBC16D10.04c	AT1G08840.1 	1.13188e-100
SPBC16D10.06	AT1G05300.1 	1.19836e-37
SPBC16D10.08c	AT1G74310.1 	0.0
SPBC16D10.09	AT2G29570.1 	1.07436e-98
SPBC16D10.10	AT1G48175.1 	7.24198e-30
SPBC317.01	AT2G03710.1 	1.8705e-14
SPBP8B7.03c	AT3G09630.2 	2.15783e-150
SPBP8B7.05c	AT5G14740.2 	6.23331e-16
SPBP8B7.06	AT2G27710.4 	8.67459e-22
SPBP8B7.07c	AT2G17900.1 	5.18293e-26
SPBP8B7.08c	AT1G02100.1 	9.62879e-52
SPBP8B7.09c	AT1G72560.3 	3.80019e-59
SPBP8B7.11	AT3G25150.1 	2.79882e-22
SPBP8B7.14c	AT5G22110.1 	9.81979e-74
SPBP8B7.15c	AT5G47430.3 	4.5842e-43
SPBP8B7.16c	AT1G55150.1 	0.0
SPBP8B7.18c	AT1G22940.1 	7.52656e-57
SPBP8B7.20c	AT4G26600.1 	2.78285e-168
SPBP8B7.19	AT4G10710.1 	0.0
SPBP8B7.21	AT4G30890.3 	1.62e-47
SPBP8B7.22	AT1G29330.1 	2.93242e-51
SPBP8B7.23	AT3G26730.1 	4.33403e-20
SPBP8B7.24c	AT2G05630.1 	5.07106e-54
SPBP8B7.25	AT5G13120.2 	2.38838e-62
SPBP8B7.29	AT2G28880.1 	1.75027e-85
SPBP8B7.31	AT2G14110.1 	2.28954e-16
SPBC19F5.02c	AT4G07410.1 	3.85732e-44
SPBC19F5.03	AT3G51460.1 	4.32474e-92
SPBC19F5.04	AT5G13280.1 	1.22857e-59
SPBC19F5.05c	AT5G14520.1 	5.27227e-114
SPBC25D12.03c	AT4G02060.2 	0.0
SPBC25D12.04	AT3G27060.1 	6.49472e-129
SPBC25D12.05	AT3G02320.1 	2.00684e-110
SPBC13G1.02	AT2G04650.1 	2.17795e-103
SPBC13G1.04c	AT1G11780.1 	5.4655e-33
SPBC13G1.05	AT1G67960.1 	8.70093e-45
SPBC13G1.07	AT3G04970.1 	7.35832e-27
SPBC13G1.08c	AT1G51450.1 	9.83042e-24
SPBC13G1.09	AT1G31660.1 	5.28705e-91
SPBC13G1.10c	AT5G61140.2 	0.0
SPBC13G1.11	AT5G58060.1 	1.87342e-63
SPBC13G1.12	AT1G17730.1 	1.27402e-38
SPBC13G1.13	AT4G17020.1 	1.28732e-69
SPBC31F10.02	AT1G04290.1 	1.10374e-12
SPBC31F10.03	AT4G31290.1 	7.71923e-24
SPBC31F10.06c	AT4G02080.1 	4.88342e-82
SPBC31F10.09c	AT1G26665.2 	8.66929e-11
SPBC31F10.11c	AT5G41770.1 	0.0
SPBC31F10.12	AT1G09150.1 	1.62121e-56
SPBC31F10.13c	AT3G44530.2 	1.15347e-73
SPBC21C3.01c	AT4G17140.2 	3.91284e-34
SPBC21C3.03	AT1G11390.1 	4.02662e-69
SPBC21C3.05	AT2G32600.1 	4.7222e-57
SPBC21C3.08c	AT5G46180.1 	9.57669e-167
SPBC21C3.09c	AT4G15940.1 	2.77848e-39
SPBC21C3.12c	AT5G42850.2 	1.00556e-13
SPBC21C3.15c	AT3G66658.2 	1.28671e-122
SPBC21C3.16c	AT5G08565.1 	5.22755e-15
SPBC23E6.01c	AT5G54900.1 	5.24207e-73
SPBC23E6.02	AT3G20010.1 	1.1973e-100
SPBC23E6.04c	AT3G06530.3 	1.07133e-26
SPBC23E6.06c	AT2G22450.1 	7.96531e-65
SPBC23E6.07c	AT5G22010.1 	2.75739e-91
SPBC23E6.09	AT3G11540.1 	1.06072e-14
SPBC23E6.10c	AT2G05830.1 	1.34701e-101
SPBC211.02c	AT5G28740.1 	0.0
SPBC211.03c	AT5G39500.1 	5.28231e-82
SPBC211.04c	AT5G44635.1 	0.0
SPBC211.05	AT3G23325.1 	5.11711e-24
SPBC211.07c	AT1G63800.1 	4.2363e-76
SPBC211.08c	AT4G27490.1 	6.65751e-12
SPBC1604.21c	AT5G06460.1 	0.0
SPBC1604.20c	AT2G21380.1 	2.41381e-55
SPBC1604.19c	AT5G16280.1 	9.62394e-09
SPBC1604.15	AT3G07140.2 	8.33299e-54
SPBC1604.09c	AT3G15080.1 	2.24924e-49
SPBC1604.08c	AT1G09270.2 	1.49194e-172
SPBC1604.06c	AT2G17250.1 	4.40398e-42
SPBC1604.05	AT5G42740.1 	1.29871e-147
SPBC1677.03c	AT3G10050.1 	2.70267e-129
SPBC26H8.01	AT5G54770.1 	2.68319e-124
SPBC26H8.05c	AT4G26720.1 	2.0257e-151
SPBC26H8.06	AT4G04950.1 	1.32397e-53
SPBC26H8.14c	AT1G53030.1 	3.01323e-10
SPBC26H8.07c	AT1G20010.1 	0.0
SPBC26H8.08c	AT3G07050.1 	4.49649e-59
SPBC26H8.10	AT2G17510.1 	0.0
SPBC3B9.01	AT5G02150.2 	5.66402e-11
SPBC3B9.03	AT4G30600.1 	1.15915e-66
SPBC3B9.04	AT1G69520.1 	8.19973e-08
SPBC3B9.21	AT1G08370.1 	6.63201e-12
SPBC3B9.06c	AT5G61500.1 	8.19334e-20
SPBC3B9.07c	AT1G75670.2 	1.9922e-08
SPBC3B9.08c	AT1G02140.1 	3.86398e-67
SPBC3B9.09	AT5G04920.1 	1.0641e-16
SPBC3B9.10	AT1G26670.1 	6.14968e-19
SPBC3B9.12	AT5G02280.1 	8.77652e-38
SPBC3B9.17	AT5G03905.1 	5.75979e-19
SPBC3B9.18c	AT4G02620.1 	1.84602e-30
SPBC3B9.19	AT4G26780.1 	1.27501e-32
SPBC215.01	AT2G37290.1 	2.61258e-36
SPBC215.03c	AT3G61140.1 	1.44587e-39
SPBC215.02	AT5G23290.1 	1.26325e-18
SPBC215.05	AT5G40610.1 	5.78982e-79
SPBC215.06c	AT2G19385.1 	1.00317e-10
SPBC215.08c	AT1G29900.1 	0.0
SPBC215.09c	AT5G48230.1 	1.29235e-155
SPBC215.12	AT1G06220.1 	0.0
SPBC215.14c	AT5G09260.1 	1.38696e-21
SPBC215.15	AT3G01340.2 	1.88744e-86
SPBC1347.01c	AT5G44750.1 	1.46825e-65
SPBC1347.02	AT4G25340.1 	8.70553e-23
SPBC1347.07	AT2G26970.2 	4.4455e-41
SPBC1347.08c	AT4G20325.1 	3.74015e-11
SPBC1347.10	AT2G20980.1 	5.52767e-10
SPBC1347.13c	AT2G19870.1 	1.91582e-38
SPBC56F2.12	AT3G58610.3 	7.49813e-46
SPBC56F2.10c	AT2G39630.1 	8.66984e-48
SPBC56F2.04	AT4G30990.1 	1.22806e-57
SPBC1861.03	AT2G11000.2 	1.00405e-10
SPBC1861.04c	AT4G24270.1 	1.17081e-27
SPBC1861.05	AT1G50510.1 	2.04168e-80
SPBC1861.07	AT5G59140.1 	7.82012e-23
SPBC1861.08c	AT1G09760.1 	1.47771e-49
SPBC14F5.03c	AT4G27640.1 	8.62963e-83
SPBC14F5.04c	AT1G56190.2 	8.34078e-127
SPBC14F5.05c	AT3G17390.1 	3.78362e-162
SPBC14F5.06	AT4G19210.1 	0.0
SPBC14F5.07	AT4G34100.2 	6.41607e-39
SPBC14F5.08	AT5G03500.3 	1.29267e-12
SPBC14F5.09c	AT1G36280.1 	2.0621e-06
SPBC14F5.10c	AT1G18660.4 	1.53334e-17
SPBC3F6.01c	AT2G42810.1 	5.04444e-174
SPBC3F6.02c	AT1G47290.1 	7.53411e-59
SPBC3F6.03	AT2G17420.1 	6.25544e-143
SPBC3F6.04c	AT1G69070.1 	5.90584e-24
SPBC3F6.05	AT5G61530.3 	1.0334e-09
SPBC342.01c	AT5G38460.2 	2.43475e-87
SPBC342.02	AT1G25350.1 	1.09914e-178
SPBC342.04	AT2G26590.3 	2.10328e-25
SPBC16G5.01	AT1G64520.1 	1.03025e-29
SPBC16G5.02c	AT1G17160.1 	9.11685e-26
SPBC16G5.04	AT3G01790.2 	8.70805e-30
SPBC16G5.05c	AT4G00170.1 	4.91089e-20
SPBC16G5.07c	AT4G27585.1 	4.31984e-105
SPBC16G5.08	AT5G17990.1 	1.38648e-48
SPBC16G5.12c	AT5G63920.1 	2.49862e-146
SPBC16G5.14c	AT5G35530.1 	4.79936e-118
SPBC16G5.18	AT3G52940.1 	1.24326e-66
SPBC16A3.16	AT1G10865.1 	9.3789e-10
SPBC16A3.11	AT5G44740.2 	9.21536e-42
SPBC16A3.10	AT1G12640.1 	2.8118e-37
SPBC16A3.09c	AT2G21270.2 	1.33019e-56
SPBC16A3.05c	AT1G80670.1 	1.29849e-106
SPBC16A3.02c	AT1G23740.1 	8.02356e-31
SPBC543.02c	AT5G03160.1 	6.83544e-43
SPBC543.03c	AT1G48050.1 	8.47396e-29
SPBC543.05c	AT1G74810.1 	6.08534e-48
SPBC543.06c	AT1G16280.1 	1.08209e-116
SPBC543.09	AT1G07510.1 	0.0
SPBC16C6.01c	AT3G56570.1 	1.06308e-06
SPBC16C6.02c	AT1G48090.1 	3.71506e-35
SPBC16C6.05	AT5G11900.1 	4.44416e-37
SPBC16C6.07c	AT1G53750.1 	0.0
SPBC16C6.12c	AT5G12220.1 	2.29874e-11
SPBC16C6.13c	AT1G52360.1 	0.0
SPBC244.02c	AT4G28200.1 	2.5419e-30
SPBC1539.03c	AT5G10920.1 	2.89878e-129
SPBC1539.05	AT1G73430.2 	4.83878e-37
SPBC1539.06	AT1G31812.1 	4.04626e-18
SPBC1539.09c	AT1G25155.1 	1.43486e-52
SPBC1289.02c	AT5G16260.1 	9.18615e-34
SPBC1289.03c	AT5G55190.1 	2.31339e-115
SPBC1289.07c	AT1G60620.1 	2.23504e-84
SPBC1289.08	AT2G35020.1 	1.49078e-74
SPBC1289.11	AT2G43770.1 	4.96811e-92
SPBC1289.13c	AT1G18690.1 	4.15121e-10
SPBC1289.17	ATMG00860.1 	2.40709e-16
SPBC8E4.01c	AT2G32830.1 	2.07532e-80
SPBPB2B2.05	AT1G66860.1 	8.08801e-20
SPBPB2B2.10c	AT5G18200.1 	4.10393e-23
SPBPB2B2.11	AT1G78570.1 	5.11672e-63
SPBPB2B2.13	AT3G06580.1 	1.84047e-64
SPCC757.02c	AT4G24220.2 	1.3026e-38
SPCC757.07c	AT1G20630.1 	2.45545e-126
SPCC757.08	AT3G12990.3 	5.88233e-77
SPCC757.09c	AT5G04430.2 	1.11633e-15
SPCC757.11c	AT4G11810.1 	6.09896e-14
SPCC613.05c	AT2G39390.1 	1.21668e-31
SPCC613.06	AT4G10450.1 	2.39156e-61
SPCC613.07	AT1G04945.1 	2.88467e-18
SPCC613.08	AT2G44510.1 	4.24569e-26
SPCC330.01c	AT1G05120.1 	1.38481e-152
SPCC330.02	AT5G21900.1 	2.36166e-11
SPCC330.05c	AT3G54470.1 	4.33769e-76
SPCC330.06c	AT1G60740.1 	7.81194e-25
SPCC330.07c	AT4G11810.1 	1.96117e-20
SPCC330.08	AT2G40190.1 	7.79995e-106
SPCC330.09	AT3G56990.1 	9.31647e-125
SPCC330.10	AT3G20650.2 	7.39151e-62
SPCC330.11	AT3G03790.3 	4.46158e-29
SPCC330.13	AT5G49530.1 	6.31753e-11
SPCC330.14c	AT3G53020.1 	4.89029e-29
SPCC320.14	AT4G11640.1 	2.76928e-64
SPCC320.13c	AT4G32830.1 	5.74757e-115
SPCC320.12	AT3G03420.1 	4.09581e-37
SPCC320.11c	AT4G15770.1 	1.1587e-69
SPCC320.09	AT2G30390.1 	9.36549e-64
SPCC320.08	AT3G59340.1 	5.49485e-55
SPCC320.04c	AT3G63150.1 	1.24582e-90
SPCC1235.02	AT2G43360.1 	2.37776e-144
SPCC1235.04c	AT5G03430.1 	4.72567e-44
SPCC1235.05c	AT2G02090.1 	3.72622e-112
SPCC1235.10c	AT1G71820.1 	5.06324e-14
SPCC1235.11	AT5G20090.2 	2.58927e-30
SPCC1235.15	AT3G51520.1 	2.54835e-32
SPCC548.04	AT3G61113.1 	1.4393e-11
SPCC548.05c	AT2G32950.1 	8.70136e-10
SPCC794.04c	AT5G65687.1 	2.83677e-10
SPCC794.07	AT1G54220.2 	5.846e-124
SPCC794.09c	AT5G60390.3 	0.0
SPCC794.11c	AT2G43160.4 	3.48058e-36
SPCC794.12c	AT5G25880.1 	2.6666e-91
SPCC553.11c	AT4G24440.2 	4.75017e-38
SPCC553.09c	AT1G67630.1 	2.50305e-44
SPCC553.08c	AT3G22980.1 	0.0
SPCC553.07c	AT1G49980.1 	5.46465e-90
SPCC553.04	AT3G44600.1 	4.65893e-128
SPCC553.03	AT5G08470.1 	1.7929e-89
SPCC553.02	AT1G55090.1 	0.0
SPCC736.03c	AT3G58140.1 	4.10925e-111
SPCC736.06	AT4G33760.1 	1.68903e-98
SPCC736.09c	AT2G03780.1 	5.73271e-26
SPCC736.11	AT1G48410.1 	3.82993e-146
SPCC736.13	AT4G23430.1 	1.16265e-45
SPCC594.04c	AT2G46890.1 	6.54159e-08
SPCC1682.02c	AT5G46280.1 	0.0
SPCC1682.05c	AT5G61970.1 	6.77548e-07
SPCC1682.04	AT3G50360.1 	1.31478e-38
SPCC1682.07	AT1G05055.1 	1.57205e-97
SPCC1682.10	AT3G11270.1 	2.69782e-106
SPCC1682.12c	AT3G14400.1 	4.61596e-74
SPCC1682.14	AT4G02230.1 	3.31863e-62
SPCC1682.16	AT5G43010.1 	0.0
SPCC306.03c	AT2G32590.1 	2.07575e-27
SPCC306.04c	AT5G42400.1 	1.98299e-51
SPCC306.08c	AT1G53240.1 	8.6878e-109
SPCC306.09c	AT4G34490.1 	2.89887e-43
SPCC4G3.17	AT2G23820.2 	2.56342e-52
SPCC4G3.16	AT4G20960.1 	1.01168e-10
SPCC4G3.15c	AT1G07705.2 	3.13484e-34
SPCC4G3.14	AT5G48030.1 	3.49312e-57
SPCC4G3.06c	AT1G07830.1 	2.01581e-14
SPCC4G3.05c	AT4G30870.1 	4.85223e-26
SPCC4G3.04c	AT5G57300.3 	9.69984e-81
SPCC4G3.02	AT5G58240.2 	1.26732e-40
SPCC364.07	AT1G17745.1 	1.63235e-53
SPCC364.06	AT4G26110.2 	1.52135e-35
SPCC364.04c	AT3G18480.1 	6.68548e-35
SPCC970.10c	AT1G55250.1 	2.35394e-13
SPCC970.05	AT5G02450.1 	8.68088e-23
SPCC970.03	AT5G17770.1 	1.30348e-72
SPCC970.01	AT5G41150.1 	1.16471e-69
SPCC10H11.01	AT1G20920.2 	0.0
SPCC10H11.02	AT5G23590.2 	1.73331e-16
SPCP31B10.02	AT5G17280.1 	2.6362e-07
SPCP31B10.03c	AT5G19910.1 	3.57735e-30
SPCP31B10.05	AT5G15170.1 	6.56372e-30
SPCP31B10.07	AT1G56070.1 	0.0
SPCC962.01	AT2G01540.1 	8.69626e-14
SPCC962.03c	AT4G16143.2 	1.84441e-157
SPCC962.04	AT2G32060.2 	5.3082e-35
SPCC962.06c	AT5G51300.3 	6.0683e-64
SPCC1672.04c	AT1G66590.1 	9.58564e-21
SPCC1672.05c	AT2G33840.1 	8.45707e-29
SPCC1672.06c	AT5G15070.1 	4.96799e-133
SPCC1672.07	AT4G04940.1 	1.43885e-180
SPCC1672.08c	AT4G20330.1 	3.63075e-19
SPCC1672.09	AT5G14180.1 	1.68092e-37
SPCC1672.10	AT5G58230.1 	3.04749e-130
SPCC1183.01	AT3G56640.1 	1.12449e-29
SPCC1183.03c	AT4G03240.1 	1.16812e-21
SPCC1183.05c	AT5G57160.1 	5.49709e-71
SPCC1183.06	AT3G18630.1 	1.54726e-57
SPCC1183.07	AT3G11964.1 	1.57381e-106
SPCC1183.08c	AT2G27530.2 	4.9559e-90
SPCC1183.11	AT3G14810.1 	8.25638e-21
SPCC31H12.07	AT1G05520.1 	0.0
SPCC31H12.08c	AT3G58560.1 	5.93538e-53
SPCC5E4.03c	AT5G25150.1 	2.41449e-131
SPCC5E4.04	AT4G22970.1 	1.41909e-47
SPCC5E4.05c	AT5G11650.1 	1.3835e-22
SPCC5E4.06	AT5G61460.1 	8.71746e-80
SPCC5E4.07	AT1G23290.1 	2.4929e-39
SPCC16C4.01	AT1G69380.1 	2.83118e-08
SPCC16C4.03	AT2G18040.1 	2.41591e-33
SPCC16C4.07	AT3G21215.1 	4.35032e-16
SPCC16C4.08c	AT1G65030.1 	1.27937e-16
SPCC16C4.22	AT1G07980.1 	2.05854e-11
SPCC16C4.10	AT1G13700.1 	5.48318e-46
SPCC16C4.12	AT1G03150.1 	1.41467e-55
SPCC16C4.13c	AT2G37190.1 	1.41587e-75
SPCC16C4.14c	AT1G17680.2 	5.56979e-17
SPCC16C4.15	ATCG01310.1 	4.59922e-47
SPCC16C4.18c	AT1G04950.3 	8.22017e-104
SPCPJ732.01	AT5G06140.1 	4.24624e-17
SPCPJ732.02c	AT5G49650.1 	1.01123e-110
SPCC18B5.01c	AT2G29940.1 	1.83925e-131
SPCC18B5.03	AT1G02970.1 	2.86222e-25
SPCC18B5.06	AT4G27650.1 	1.41557e-98
SPCC18B5.08c	AT5G49030.1 	0.0
SPCC18B5.10c	AT5G56130.1 	3.4238e-68
SPCC14G10.01	AT2G27490.2 	8.56064e-46
SPCC14G10.02	AT4G27010.2 	1.3739e-09
SPCC1020.12c	AT2G21150.1 	6.35962e-35
SPCC1020.09	AT4G21520.1 	9.91924e-36
SPCC1020.08	AT1G75200.1 	3.0156e-158
SPCC1020.07	AT5G57440.1 	7.75142e-40
SPCC1020.06c	AT1G12230.1 	1.54826e-40
SPCC1020.05	AT5G57140.1 	1.79365e-29
SPCC1020.04c	AT5G51940.1 	5.25898e-39
SPCC1020.03	AT2G47830.1 	5.83352e-38
SPCC1020.01c	AT1G17260.1 	5.00882e-146
SPCC1393.06c	AT5G06350.1 	3.84502e-09
SPCC1393.09c	AT1G51730.1 	5.04338e-13
SPCC63.02c	AT2G36390.1 	5.86531e-08
SPCC63.04	AT3G01180.1 	1.90835e-14
SPCC63.05	AT5G53000.1 	2.50588e-18
SPCC63.06	AT2G47790.1 	1.92062e-10
SPCC63.07	AT2G32320.1 	3.02849e-71
SPCC63.08c	AT3G61960.2 	1.24288e-61
SPCC63.10c	AT3G45040.1 	1.11797e-23
SPCC63.11	AT2G33730.1 	1.53348e-175
SPCC63.12c	AT1G21720.1 	2.0767e-89
SPCC16A11.02	AT5G16750.1 	2.65189e-79
SPCC16A11.04	AT2G15900.1 	7.06036e-07
SPCC16A11.05c	AT5G08290.1 	4.76969e-82
SPCC16A11.06c	AT5G14850.1 	1.92438e-72
SPCC16A11.07	AT4G17650.1 	1.08933e-11
SPCC16A11.09c	AT1G17530.1 	5.15044e-15
SPCC16A11.10c	AT1G26340.1 	9.88853e-26
SPCC16A11.12c	AT1G32850.1 	4.66963e-93
SPCC16A11.13	AT5G51410.3 	1.63578e-23
SPCC16A11.17	AT2G16440.1 	0.0
SPCC24B10.05	AT3G46560.1 	1.64509e-20
SPCC24B10.07	AT3G08720.2 	4.1419e-103
SPCC24B10.08c	AT4G16420.2 	3.09944e-56
SPCC24B10.10c	AT4G27680.1 	2.75176e-85
SPCC24B10.17	AT1G21900.1 	6.76857e-17
SPCC24B10.21	AT3G55440.1 	2.38579e-99
SPCPB16A4.03c	AT2G35040.2 	1.68049e-60
SPCPB16A4.04c	AT5G24840.1 	1.06723e-86
SPCPB16A4.05c	AT2G34470.1 	3.09521e-108
SPCC1795.11	AT3G58510.3 	5.25281e-172
SPCC1795.07	AT5G14320.1 	4.87809e-19
SPCC1795.05c	AT5G26667.3 	1.88557e-51
SPCC1795.04c	AT2G27020.1 	1.00064e-84
SPCC1795.03	AT4G35335.1 	1.66257e-30
SPCC1795.02c	AT3G13320.1 	3.2872e-66
SPCC1795.01c	AT2G33560.1 	1.54462e-31
SPCC895.03c	AT5G60590.2 	1.58616e-06
SPCC895.05	AT1G31810.1 	3.77077e-09
SPCC895.06	AT1G49540.1 	1.54224e-98
SPCC895.07	AT2G35630.1 	1.25817e-48
SPCC895.09c	AT2G35920.1 	8.20099e-118
SPCC825.02	AT2G42390.1 	2.94338e-24
SPCC825.03c	AT3G03800.1 	3.42063e-15
SPCC825.04c	AT1G18335.1 	6.73529e-09
SPCC825.05c	AT2G29210.1 	4.89099e-36
SPCC1259.01c	AT4G09800.1 	1.09909e-68
SPCC1259.02c	AT1G67420.1 	8.81839e-38
SPCC1259.03	AT3G25940.1 	1.42648e-13
SPCC1259.07	AT5G08450.3 	2.04114e-06
SPCC1259.10	AT2G45270.1 	2.63902e-40
SPCC1259.12c	AT1G35470.2 	2.66013e-34
SPCC1259.15c	AT3G20060.1 	2.26056e-61
SPCC4B3.18	AT1G12350.1 	6.45773e-66
SPCC4B3.20	AT5G16060.1 	2.429e-07
SPCC4B3.16	AT4G34270.1 	3.56985e-20
SPCC4B3.13	AT5G52450.1 	4.41123e-58
SPCC4B3.09c	AT1G70190.2 	7.46511e-13
SPCC4B3.05c	AT2G40490.1 	4.97838e-78
SPCC4B3.03c	AT5G52790.1 	2.06396e-65
SPCC4B3.01	AT1G79230.3 	1.25517e-55
SPCP25A2.02c	AT2G18760.1 	0.0
SPCP25A2.03	AT5G09860.2 	3.28637e-26
SPCC550.02c	AT1G07360.1 	3.62778e-50
SPCC550.03c	AT3G46960.1 	0.0
SPCC550.06c	AT1G14980.1 	3.02381e-29
SPCC550.10	AT1G74920.1 	1.89134e-145
SPCC550.11	AT2G31660.1 	2.61047e-119
SPCC550.12	AT3G33520.1 	3.13882e-68
SPCC550.15c	AT2G24500.1 	5.1536e-35
SPCC645.02	AT3G58830.1 	2.60744e-09
SPCC645.03c	AT2G16710.1 	2.71634e-29
SPCC645.08c	AT5G07350.1 	1.84723e-82
SPCC645.10	AT1G22660.1 	1.18948e-63
SPCC645.13	AT5G60410.5 	9.22566e-08
SPCC645.14c	AT1G62740.1 	1.22443e-122
SPCC23B6.01c	AT4G25860.1 	6.02457e-31
SPCC23B6.03c	AT3G48190.1 	6.13062e-107
SPCC23B6.04c	AT1G75170.2 	1.43889e-32
SPCC1322.01	AT5G02250.1 	1.41065e-14
SPCC1322.04	AT5G17310.2 	1.81973e-167
SPCC1322.05c	AT5G13520.1 	1.09828e-96
SPCC1322.06	AT3G08960.1 	5.60492e-29
SPCC1322.11	AT3G04400.1 	1.80321e-78
SPCC1322.12c	AT2G20635.1 	9.15481e-47
SPCC1322.13	AT2G37690.1 	0.0
SPCC1322.14c	AT2G45130.1 	7.22941e-09
SPCC1322.16	AT4G28510.1 	3.1433e-101
SPCC132.01c	AT5G49930.1 	2.17391e-105
SPCC132.02	AT5G55760.1 	1.90117e-18
SPCC338.17c	AT5G16270.1 	1.53338e-29
SPCC338.15	AT5G66680.1 	2.6468e-61
SPCC338.14	AT3G09820.1 	1.51271e-81
SPCC338.13	AT4G01400.1 	2.18348e-21
SPCC338.11c	AT3G50850.1 	8.70311e-18
SPCC338.07c	AT1G80410.1 	1.07101e-125
SPCC338.05c	AT3G52560.1 	9.23647e-46
SPCC1281.03c	AT5G10780.1 	7.149e-13
SPCC1281.06c	AT3G15870.1 	8.063e-36
SPCC1281.07c	AT4G19880.1 	4.41146e-83
SPCC622.09	AT2G28720.1 	1.42604e-49
SPCC622.11	AT5G65290.2 	1.11509e-08
SPCC622.12c	AT1G51720.1 	3.26774e-95
SPCC622.14	AT2G37550.2 	1.99992e-32
SPCC622.18	AT1G74050.1 	2.97796e-47
SPCC61.03	AT5G19150.2 	4.94601e-72
SPCC61.04c	AT2G36300.1 	1.35745e-17
SPCC11E10.01	AT3G57050.2 	1.08781e-126
SPCC11E10.02c	AT1G08750.3 	7.532e-108
SPCC11E10.05c	AT1G14240.4 	1.97327e-42
SPCC11E10.07c	AT1G72340.1 	2.7481e-62
SPCC11E10.09c	AT1G69830.1 	7.85086e-10
SPCC188.02	AT3G26020.2 	4.15657e-147
SPCC188.04c	AT3G48210.1 	1.50059e-08
SPCC188.03	AT5G37630.1 	5.63246e-19
SPCC188.06c	AT1G48900.2 	6.14918e-147
SPCC188.11	AT1G77180.3 	1.9422e-77
SPCC188.13c	AT3G03300.3 	6.05648e-58
SPCC584.14	AT4G00231.1 	1.64968e-08
SPCC584.04	AT1G18070.2 	4.85019e-151
SPCC584.05	AT1G12360.1 	2.22058e-35
SPCC1753.01c	AT2G24490.2 	8.60996e-27
SPCC1753.04	AT5G63980.1 	6.44135e-79
SPCC162.11c	AT3G27440.1 	6.93042e-81
SPCC162.09c	AT1G76490.1 	1.34938e-143
SPCC162.07	AT3G59290.1 	3.62223e-31
SPCC162.06c	AT3G10640.1 	4.53643e-39
SPCC162.05	AT2G30920.1 	1.28343e-42
SPCC13B11.03c	AT3G10850.1 	1.23271e-56
SPCC13B11.04c	AT5G43940.1 	1.00311e-161
SPCC777.03c	AT1G08490.1 	1.81264e-22
SPCC777.06c	AT3G13800.1 	1.95015e-63
SPCC777.09c	AT1G80600.1 	3.03653e-90
SPCC777.10c	AT2G18600.1 	2.85638e-56
SPCC777.13	AT2G17790.1 	4.88445e-145
SPCC777.14	AT3G25840.2 	9.01932e-126
SPCC663.01c	AT1G30470.1 	3.45151e-26
SPCC663.03	AT5G46540.1 	0.0
SPCC663.04	AT4G31985.1 	3.19327e-22
SPCC663.05c	AT1G66740.1 	1.34337e-47
SPCC663.09c	AT4G20760.1 	4.53632e-29
SPCC417.05c	AT1G70590.1 	8.08753e-07
SPCC417.10	AT4G25220.1 	5.78576e-08
SPCC417.11c	AT3G48730.1 	6.58726e-38
SPCC191.02c	AT5G36880.1 	0.0
SPCC191.07	AT4G10040.1 	3.76435e-44
SPCC191.09c	AT2G30870.1 	1.56468e-14
SPCC191.11	AT1G62660.1 	4.05397e-23
SPCC1450.02	AT5G63320.3 	1.87944e-23
SPCC1450.04	AT2G18110.1 	1.38238e-36
SPCC1450.10c	AT4G16440.1 	1.32592e-83
SPCC1450.13c	AT2G20690.1 	1.65887e-61
SPCC1450.14c	AT1G72280.1 	1.83596e-58
SPCC1450.15	AT3G06060.1 	6.84574e-26
SPCC1442.06	AT1G79210.3 	3.13628e-100
SPCC1442.07c	AT5G35690.1 	3.81405e-25
SPCC1442.08c	AT1G22450.1 	1.67801e-31
SPCC1442.10c	AT2G15430.1 	5.22573e-48
SPCC1442.09	AT5G05730.1 	2.44506e-99
SPCC1442.14c	AT5G48545.1 	3.31283e-22
SPCC1442.16c	AT5G61510.1 	2.26114e-44
SPCC1442.17c	AT1G34220.2 	2.22372e-10
SPCC285.03	AT4G15850.1 	6.28211e-66
SPCC285.04	AT5G58220.3 	2.02787e-15
SPCC285.08	AT5G05010.2 	5.14054e-48
SPCC285.11	AT4G10790.1 	1.37319e-12
SPCC285.12	AT2G03870.1 	7.75604e-25
SPCC285.15c	AT5G03850.1 	2.52529e-15
SPCC285.16c	AT4G02070.1 	3.62843e-169
SPCC285.17	AT1G49520.1 	7.74055e-25
SPCC1223.01	AT3G62240.1 	4.2926e-45
SPCC1223.03c	AT3G10370.1 	1.97818e-130
SPCC1223.06	AT1G18610.1 	2.50181e-32
SPCC1223.07c	AT4G26870.1 	3.41158e-146
SPCC1223.08c	AT4G34570.1 	3.28524e-24
SPCC1223.09	AT2G26230.1 	4.16974e-31
SPCC1223.11	AT2G25070.1 	1.0508e-83
SPCC1223.14	AT1G48850.1 	1.62554e-113
SPCC297.03	AT5G60550.1 	2.18637e-60
SPCC297.05	AT1G49040.3 	1.72811e-12
SPCC737.07c	AT2G03270.1 	9.91817e-141
SPCC737.08	AT1G67120.1 	0.0
SPCC74.01	AT2G17980.1 	1.5202e-120
SPCC74.03c	AT3G01090.3 	4.41666e-130
SPCC74.05	AT2G32220.1 	4.99358e-46
SPCC18.03	AT1G10170.1 	4.20571e-107
SPCC18.05c	AT5G52820.1 	7.41877e-144
SPCC18.06c	AT2G32070.1 	3.40667e-90
SPCC18.09c	AT5G01310.1 	3.15952e-16
SPCC18.12c	AT2G34570.1 	2.89263e-19
SPCC18.13	AT1G03110.1 	3.5186e-10
SPCC18.14c	AT2G40010.1 	1.06111e-83
SPCC18.15	AT5G63010.1 	1.11858e-36
SPCC18.16c	AT4G21470.1 	1.27048e-42
SPCC18.18c	AT5G50950.2 	0.0
SPCC290.02	AT5G23710.1 	2.91161e-16
SPCC4F11.02	AT4G31750.1 	3.72947e-43
SPCC1906.01	AT2G39770.2 	7.61803e-148
SPCC1739.01	AT2G47680.1 	3.81069e-07
SPCC1739.02c	AT1G52370.3 	4.54225e-07
SPCC1739.05	AT5G06620.1 	3.21732e-10
SPCC1739.06c	AT5G40850.1 	1.13054e-42
SPCC1739.08c	AT2G29260.1 	4.41836e-26
SPCC1739.12	AT3G19980.1 	4.47483e-163
SPCC1739.13	AT3G12580.1 	0.0
SPCPB1C11.01	AT2G38290.1 	3.98958e-34
SPCPB1C11.02	AT1G58030.1 	4.55516e-09
SPCC576.03c	AT3G11630.1 	9.92189e-65
SPCC576.04	AT4G15470.1 	1.19076e-40
SPCC576.05	AT3G06290.1 	4.78365e-31
SPCC576.06c	AT3G02660.1 	1.66143e-68
SPCC576.07	AT1G60970.1 	1.12526e-23
SPCC576.08c	AT3G57490.1 	1.93841e-115
SPCC576.09	AT3G47370.3 	5.33585e-52
SPCC576.10c	AT5G58290.1 	0.0
SPCC576.14	AT4G31790.2 	2.31214e-106
SPCC576.15c	AT5G04510.2 	2.94247e-73
SPCC126.02c	AT1G16970.1 	1.11552e-40
SPCC126.03	AT1G20370.1 	2.51384e-56
SPCC126.09	AT3G20870.1 	2.69896e-11
SPCC126.10	AT5G62930.1 	1.47107e-15
SPCC126.14	AT1G03140.1 	1.37766e-24
SPCC1620.01c	AT1G03330.1 	4.60361e-37
SPCC1620.05	AT4G24490.2 	1.14635e-37
SPCC1620.06c	AT2G35390.1 	8.75689e-81
SPCC1620.08	AT2G20420.1 	2.15146e-135
SPCC1620.10	AT1G31870.2 	1.64615e-16
SPCC1620.11	AT2G41620.1 	1.56325e-20
SPCC830.03	AT5G11010.1 	1.8425e-25
SPCC830.05c	AT1G79020.1 	3.79782e-06
SPCC830.06	AT1G64480.1 	1.14542e-15
SPCC830.07c	AT2G20560.1 	1.32928e-48
SPCC830.08c	AT4G24960.1 	6.74615e-18
SPCC830.09c	AT1G04635.1 	2.30815e-15
SPCC830.10	AT4G13720.1 	1.97817e-55
SPCC830.11c	AT5G60340.1 	8.98879e-53
SPCC1919.03c	AT4G16360.1 	2.01804e-12
SPCC1919.05	AT1G76630.1 	1.48107e-16
SPCC1919.09	AT3G55620.1 	3.52491e-131
SPCC1919.10c	AT5G43900.1 	0.0
SPCC1919.13c	AT4G26485.1 	1.66209e-16
SPCC1919.14c	AT4G39160.2 	3.92797e-13
SPCC790.02	AT1G12470.1 	3.49526e-68
SPCC790.03	AT3G59520.1 	2.09276e-12
SPCC1840.01c	AT1G69680.1 	2.71205e-13
SPCC1840.02c	AT5G13000.1 	1.05762e-93
SPCC1840.03	AT5G19820.1 	4.01904e-172
SPCC1840.04	AT4G25110.1 	9.74194e-55
SPCC1840.06	AT5G13450.1 	3.2391e-29
SPCC1840.07c	AT1G18480.1 	1.46075e-24
SPCC1840.09	AT1G32220.1 	1.60578e-14
SPCC1840.10	AT1G65700.2 	1.36619e-24
SPCC1840.11	AT5G38890.1 	1.90196e-36
SPCC965.03	AT3G58730.1 	3.87114e-52
SPCC965.04c	AT2G26140.1 	1.78685e-175
SPCC965.06	AT1G04690.1 	7.1505e-106
SPCC965.07c	AT2G47730.1 	4.38888e-16
SPCC965.09	AT2G27450.1 	9.70484e-38
SPCC965.14c	AT5G28050.1 	1.15421e-12
SPCC1494.01	AT4G16770.1 	9.55993e-29
SPCC1494.02c	AT1G02680.1 	3.58028e-22
SPCC1494.04c	AT5G34930.1 	1.04586e-08
SPCC1494.05c	AT1G32850.1 	4.05094e-79
SPCC1494.06c	AT4G34910.1 	2.74627e-101
SPCC1494.07	AT3G55160.1 	7.95842e-23
SPCC70.03c	AT5G38710.1 	2.28466e-26
SPCC70.07c	AT5G59440.2 	8.21494e-63
SPCC1827.08c	AT1G21760.1 	4.38261e-14
SPCC1827.01c	AT1G17690.1 	8.98047e-107
SPCC1827.02c	AT4G15130.1 	3.74687e-75
SPCC1827.03c	AT3G48990.1 	1.43138e-142
SPCC1827.04	AT1G01930.1 	3.56581e-27
SPCC1827.05c	AT5G04600.1 	1.2753e-30
SPCC1827.06c	AT1G14810.1 	2.90584e-08
SPCC1827.07c	AT1G14040.1 	3.47064e-35
SPCP1E11.05c	AT2G19450.1 	5.27044e-14
SPCP1E11.06	AT1G60070.1 	1.74901e-158
SPCP1E11.07c	AT3G05070.1 	1.5001e-06
SPCP1E11.08	AT5G06360.1 	2.77045e-110
SPCP1E11.10	AT4G27780.1 	6.2302e-17
SPCP1E11.11	AT3G16810.1 	2.00727e-40
SPCC569.08c	AT1G31220.1 	1.04522e-13
SPMTR.02	AT2G35940.3 	1.50811e-07
SPMIT.01	ATMG01360.1 	0.0
SPMIT.04	ATMG00730.1 	6.18307e-81
SPMIT.05	ATMG00220.1 	1.41547e-103
SPMIT.06	ATMG00520.1 	8.58767e-24
SPMIT.07	ATMG01170.1 	4.98184e-46
SPMIT.10	ATMG01080.1 	4.87358e-14
SPMIT.11	ATMG00160.1 	7.37252e-70
